/*
 * AUTO-GENERATED — do not edit by hand.
 * Re-generate with: python3 generate-ccsid-tables.py (run from zlux-file-explorer/)
 * Source: https://github.com/unicode-org/icu-data/tree/main/charset/data/ucm
 * License of source data: Unicode Data Files and Software License
 *
 * Each table is indexed by raw byte value (0-255) and contains the
 * corresponding Unicode code point (BMP only, 0-0xFFFF).
 * 0xFFFD (REPLACEMENT CHARACTER) marks unmapped byte positions.
 */

const t37 = new Uint16Array([
    0x0000,0x0001,0x0002,0x0003,0x009C,0x0009,0x0086,0x007F,0x0097,0x008D,0x008E,0x000B,0x000C,0x000D,0x000E,0x000F,
    0x0010,0x0011,0x0012,0x0013,0x009D,0x0085,0x0008,0x0087,0x0018,0x0019,0x0092,0x008F,0x001C,0x001D,0x001E,0x001F,
    0x0080,0x0081,0x0082,0x0083,0x0084,0x000A,0x0017,0x001B,0x0088,0x0089,0x008A,0x008B,0x008C,0x0005,0x0006,0x0007,
    0x0090,0x0091,0x0016,0x0093,0x0094,0x0095,0x0096,0x0004,0x0098,0x0099,0x009A,0x009B,0x0014,0x0015,0x009E,0x001A,
    0x0020,0x00A0,0x00E2,0x00E4,0x00E0,0x00E1,0x00E3,0x00E5,0x00E7,0x00F1,0x00A2,0x002E,0x003C,0x0028,0x002B,0x007C,
    0x0026,0x00E9,0x00EA,0x00EB,0x00E8,0x00ED,0x00EE,0x00EF,0x00EC,0x00DF,0x0021,0x0024,0x002A,0x0029,0x003B,0x00AC,
    0x002D,0x002F,0x00C2,0x00C4,0x00C0,0x00C1,0x00C3,0x00C5,0x00C7,0x00D1,0x00A6,0x002C,0x0025,0x005F,0x003E,0x003F,
    0x00F8,0x00C9,0x00CA,0x00CB,0x00C8,0x00CD,0x00CE,0x00CF,0x00CC,0x0060,0x003A,0x0023,0x0040,0x0027,0x003D,0x0022,
    0x00D8,0x0061,0x0062,0x0063,0x0064,0x0065,0x0066,0x0067,0x0068,0x0069,0x00AB,0x00BB,0x00F0,0x00FD,0x00FE,0x00B1,
    0x00B0,0x006A,0x006B,0x006C,0x006D,0x006E,0x006F,0x0070,0x0071,0x0072,0x00AA,0x00BA,0x00E6,0x00B8,0x00C6,0x00A4,
    0x00B5,0x007E,0x0073,0x0074,0x0075,0x0076,0x0077,0x0078,0x0079,0x007A,0x00A1,0x00BF,0x00D0,0x00DD,0x00DE,0x00AE,
    0x005E,0x00A3,0x00A5,0x00B7,0x00A9,0x00A7,0x00B6,0x00BC,0x00BD,0x00BE,0x005B,0x005D,0x00AF,0x00A8,0x00B4,0x00D7,
    0x007B,0x0041,0x0042,0x0043,0x0044,0x0045,0x0046,0x0047,0x0048,0x0049,0x00AD,0x00F4,0x00F6,0x00F2,0x00F3,0x00F5,
    0x007D,0x004A,0x004B,0x004C,0x004D,0x004E,0x004F,0x0050,0x0051,0x0052,0x00B9,0x00FB,0x00FC,0x00F9,0x00FA,0x00FF,
    0x005C,0x00F7,0x0053,0x0054,0x0055,0x0056,0x0057,0x0058,0x0059,0x005A,0x00B2,0x00D4,0x00D6,0x00D2,0x00D3,0x00D5,
    0x0030,0x0031,0x0032,0x0033,0x0034,0x0035,0x0036,0x0037,0x0038,0x0039,0x00B3,0x00DB,0x00DC,0x00D9,0x00DA,0x009F
  ]);

const t273 = new Uint16Array([
    0x0000,0x0001,0x0002,0x0003,0x009C,0x0009,0x0086,0x007F,0x0097,0x008D,0x008E,0x000B,0x000C,0x000D,0x000E,0x000F,
    0x0010,0x0011,0x0012,0x0013,0x009D,0x0085,0x0008,0x0087,0x0018,0x0019,0x0092,0x008F,0x001C,0x001D,0x001E,0x001F,
    0x0080,0x0081,0x0082,0x0083,0x0084,0x000A,0x0017,0x001B,0x0088,0x0089,0x008A,0x008B,0x008C,0x0005,0x0006,0x0007,
    0x0090,0x0091,0x0016,0x0093,0x0094,0x0095,0x0096,0x0004,0x0098,0x0099,0x009A,0x009B,0x0014,0x0015,0x009E,0x001A,
    0x0020,0x00A0,0x00E2,0x007B,0x00E0,0x00E1,0x00E3,0x00E5,0x00E7,0x00F1,0x00C4,0x002E,0x003C,0x0028,0x002B,0x0021,
    0x0026,0x00E9,0x00EA,0x00EB,0x00E8,0x00ED,0x00EE,0x00EF,0x00EC,0x007E,0x00DC,0x0024,0x002A,0x0029,0x003B,0x005E,
    0x002D,0x002F,0x00C2,0x005B,0x00C0,0x00C1,0x00C3,0x00C5,0x00C7,0x00D1,0x00F6,0x002C,0x0025,0x005F,0x003E,0x003F,
    0x00F8,0x00C9,0x00CA,0x00CB,0x00C8,0x00CD,0x00CE,0x00CF,0x00CC,0x0060,0x003A,0x0023,0x00A7,0x0027,0x003D,0x0022,
    0x00D8,0x0061,0x0062,0x0063,0x0064,0x0065,0x0066,0x0067,0x0068,0x0069,0x00AB,0x00BB,0x00F0,0x00FD,0x00FE,0x00B1,
    0x00B0,0x006A,0x006B,0x006C,0x006D,0x006E,0x006F,0x0070,0x0071,0x0072,0x00AA,0x00BA,0x00E6,0x00B8,0x00C6,0x00A4,
    0x00B5,0x00DF,0x0073,0x0074,0x0075,0x0076,0x0077,0x0078,0x0079,0x007A,0x00A1,0x00BF,0x00D0,0x00DD,0x00DE,0x00AE,
    0x00A2,0x00A3,0x00A5,0x00B7,0x00A9,0x0040,0x00B6,0x00BC,0x00BD,0x00BE,0x00AC,0x007C,0x00AF,0x00A8,0x00B4,0x00D7,
    0x00E4,0x0041,0x0042,0x0043,0x0044,0x0045,0x0046,0x0047,0x0048,0x0049,0x00AD,0x00F4,0x00A6,0x00F2,0x00F3,0x00F5,
    0x00FC,0x004A,0x004B,0x004C,0x004D,0x004E,0x004F,0x0050,0x0051,0x0052,0x00B9,0x00FB,0x007D,0x00F9,0x00FA,0x00FF,
    0x00D6,0x00F7,0x0053,0x0054,0x0055,0x0056,0x0057,0x0058,0x0059,0x005A,0x00B2,0x00D4,0x005C,0x00D2,0x00D3,0x00D5,
    0x0030,0x0031,0x0032,0x0033,0x0034,0x0035,0x0036,0x0037,0x0038,0x0039,0x00B3,0x00DB,0x005D,0x00D9,0x00DA,0x009F
  ]);

const t274 = new Uint16Array([
    0x0000,0x0001,0x0002,0x0003,0x009C,0x0009,0x0086,0x007F,0x0097,0x008D,0x008E,0x000B,0x000C,0x000D,0x000E,0x000F,
    0x0010,0x0011,0x0012,0x0013,0x009D,0x0085,0x0008,0x0087,0x0018,0x0019,0x0092,0x008F,0x001C,0x001D,0x001E,0x001F,
    0x0080,0x0081,0x0082,0x0083,0x0084,0x000A,0x0017,0x001B,0x0088,0x0089,0x008A,0x008B,0x008C,0x0005,0x0006,0x0007,
    0x0090,0x0091,0x0016,0x0093,0x0094,0x0095,0x0096,0x0004,0x0098,0x0099,0x009A,0x009B,0x0014,0x0015,0x009E,0x001A,
    0x0020,0x00A0,0x00E2,0x00E4,0x0040,0x00E1,0x00E3,0x00E5,0x005C,0x00F1,0x005B,0x002E,0x003C,0x0028,0x002B,0x0021,
    0x0026,0x007B,0x00EA,0x00EB,0x007D,0x00ED,0x00EE,0x00EF,0x00EC,0x00DF,0x005D,0x0024,0x002A,0x0029,0x003B,0x005E,
    0x002D,0x002F,0x00C2,0x00C4,0x00C0,0x00C1,0x00C3,0x00C5,0x00C7,0x00D1,0x00F9,0x002C,0x0025,0x005F,0x003E,0x003F,
    0x00F8,0x00C9,0x00CA,0x00CB,0x00C8,0x00CD,0x00CE,0x00CF,0x00CC,0x0060,0x003A,0x0023,0x00E0,0x0027,0x003D,0x0022,
    0x00D8,0x0061,0x0062,0x0063,0x0064,0x0065,0x0066,0x0067,0x0068,0x0069,0x00AB,0x00BB,0x00F0,0x00FD,0x00FE,0x00B1,
    0x00B0,0x006A,0x006B,0x006C,0x006D,0x006E,0x006F,0x0070,0x0071,0x0072,0x00AA,0x00BA,0x00E6,0x00B8,0x00C6,0x00A4,
    0x00B5,0x00A8,0x0073,0x0074,0x0075,0x0076,0x0077,0x0078,0x0079,0x007A,0x00A1,0x00BF,0x00D0,0x00DD,0x00DE,0x00AE,
    0x00A2,0x00A3,0x00A5,0x00B7,0x00A9,0x00A7,0x00B6,0x00BC,0x00BD,0x00BE,0x00AC,0x007C,0x00AF,0x007E,0x00B4,0x00D7,
    0x00E9,0x0041,0x0042,0x0043,0x0044,0x0045,0x0046,0x0047,0x0048,0x0049,0x00AD,0x00F4,0x00F6,0x00F2,0x00F3,0x00F5,
    0x00E8,0x004A,0x004B,0x004C,0x004D,0x004E,0x004F,0x0050,0x0051,0x0052,0x00B9,0x00FB,0x00FC,0x00A6,0x00FA,0x00FF,
    0x00E7,0x00F7,0x0053,0x0054,0x0055,0x0056,0x0057,0x0058,0x0059,0x005A,0x00B2,0x00D4,0x00D6,0x00D2,0x00D3,0x00D5,
    0x0030,0x0031,0x0032,0x0033,0x0034,0x0035,0x0036,0x0037,0x0038,0x0039,0x00B3,0x00DB,0x00DC,0x00D9,0x00DA,0x009F
  ]);

const t275 = new Uint16Array([
    0x0000,0x0001,0x0002,0x0003,0x009C,0x0009,0x0086,0x007F,0x0097,0x008D,0x008E,0x000B,0x000C,0x000D,0x000E,0x000F,
    0x0010,0x0011,0x0012,0x0013,0x009D,0x0085,0x0008,0x0087,0x0018,0x0019,0x0092,0x008F,0x001C,0x001D,0x001E,0x001F,
    0x0080,0x0081,0x0082,0x0083,0x0084,0x000A,0x0017,0x001B,0x0088,0x0089,0x008A,0x008B,0x008C,0x0005,0x0006,0x0007,
    0x0090,0x0091,0x0016,0x0093,0x0094,0x0095,0x0096,0x0004,0x0098,0x0099,0x009A,0x009B,0x0014,0x0015,0x009E,0x001A,
    0x0020,0x00A0,0x00E2,0x00E4,0x00E0,0x00E1,0x0060,0x00E5,0x00A6,0x00F1,0x00C9,0x002E,0x003C,0x0028,0x002B,0x0021,
    0x0026,0x007D,0x00EA,0x00EB,0x00E8,0x00ED,0x00EE,0x00EF,0x00EC,0x00DF,0x0024,0x00C7,0x002A,0x0029,0x003B,0x005E,
    0x002D,0x002F,0x00C2,0x00C4,0x00C0,0x00C1,0x0040,0x00C5,0x005D,0x00D1,0x00E7,0x002C,0x0025,0x005F,0x003E,0x003F,
    0x00F8,0x005B,0x00CA,0x00CB,0x00C8,0x00CD,0x00CE,0x00CF,0x00CC,0x00E3,0x003A,0x00D5,0x00C3,0x0027,0x003D,0x0022,
    0x00D8,0x0061,0x0062,0x0063,0x0064,0x0065,0x0066,0x0067,0x0068,0x0069,0x00AB,0x00BB,0x00F0,0x00FD,0x00FE,0x00B1,
    0x00B0,0x006A,0x006B,0x006C,0x006D,0x006E,0x006F,0x0070,0x0071,0x0072,0x00AA,0x00BA,0x00E6,0x00B8,0x00C6,0x00A4,
    0x00B5,0x007E,0x0073,0x0074,0x0075,0x0076,0x0077,0x0078,0x0079,0x007A,0x00A1,0x00BF,0x00D0,0x00DD,0x00DE,0x00AE,
    0x00A2,0x00A3,0x00A5,0x00B7,0x00A9,0x00A7,0x00B6,0x00BC,0x00BD,0x00BE,0x00AC,0x007C,0x00AF,0x00A8,0x00B4,0x00D7,
    0x00F5,0x0041,0x0042,0x0043,0x0044,0x0045,0x0046,0x0047,0x0048,0x0049,0x00AD,0x00F4,0x00F6,0x00F2,0x00F3,0x007B,
    0x00E9,0x004A,0x004B,0x004C,0x004D,0x004E,0x004F,0x0050,0x0051,0x0052,0x00B9,0x00FB,0x00FC,0x00F9,0x00FA,0x00FF,
    0x005C,0x00F7,0x0053,0x0054,0x0055,0x0056,0x0057,0x0058,0x0059,0x005A,0x00B2,0x00D4,0x00D6,0x00D2,0x00D3,0x0023,
    0x0030,0x0031,0x0032,0x0033,0x0034,0x0035,0x0036,0x0037,0x0038,0x0039,0x00B3,0x00DB,0x00DC,0x00D9,0x00DA,0x009F
  ]);

const t277 = new Uint16Array([
    0x0000,0x0001,0x0002,0x0003,0x009C,0x0009,0x0086,0x007F,0x0097,0x008D,0x008E,0x000B,0x000C,0x000D,0x000E,0x000F,
    0x0010,0x0011,0x0012,0x0013,0x009D,0x0085,0x0008,0x0087,0x0018,0x0019,0x0092,0x008F,0x001C,0x001D,0x001E,0x001F,
    0x0080,0x0081,0x0082,0x0083,0x0084,0x000A,0x0017,0x001B,0x0088,0x0089,0x008A,0x008B,0x008C,0x0005,0x0006,0x0007,
    0x0090,0x0091,0x0016,0x0093,0x0094,0x0095,0x0096,0x0004,0x0098,0x0099,0x009A,0x009B,0x0014,0x0015,0x009E,0x001A,
    0x0020,0x00A0,0x00E2,0x00E4,0x00E0,0x00E1,0x00E3,0x007D,0x00E7,0x00F1,0x0023,0x002E,0x003C,0x0028,0x002B,0x0021,
    0x0026,0x00E9,0x00EA,0x00EB,0x00E8,0x00ED,0x00EE,0x00EF,0x00EC,0x00DF,0x00A4,0x00C5,0x002A,0x0029,0x003B,0x005E,
    0x002D,0x002F,0x00C2,0x00C4,0x00C0,0x00C1,0x00C3,0x0024,0x00C7,0x00D1,0x00F8,0x002C,0x0025,0x005F,0x003E,0x003F,
    0x00A6,0x00C9,0x00CA,0x00CB,0x00C8,0x00CD,0x00CE,0x00CF,0x00CC,0x0060,0x003A,0x00C6,0x00D8,0x0027,0x003D,0x0022,
    0x0040,0x0061,0x0062,0x0063,0x0064,0x0065,0x0066,0x0067,0x0068,0x0069,0x00AB,0x00BB,0x00F0,0x00FD,0x00FE,0x00B1,
    0x00B0,0x006A,0x006B,0x006C,0x006D,0x006E,0x006F,0x0070,0x0071,0x0072,0x00AA,0x00BA,0x007B,0x00B8,0x005B,0x005D,
    0x00B5,0x00FC,0x0073,0x0074,0x0075,0x0076,0x0077,0x0078,0x0079,0x007A,0x00A1,0x00BF,0x00D0,0x00DD,0x00DE,0x00AE,
    0x00A2,0x00A3,0x00A5,0x00B7,0x00A9,0x00A7,0x00B6,0x00BC,0x00BD,0x00BE,0x00AC,0x007C,0x00AF,0x00A8,0x00B4,0x00D7,
    0x00E6,0x0041,0x0042,0x0043,0x0044,0x0045,0x0046,0x0047,0x0048,0x0049,0x00AD,0x00F4,0x00F6,0x00F2,0x00F3,0x00F5,
    0x00E5,0x004A,0x004B,0x004C,0x004D,0x004E,0x004F,0x0050,0x0051,0x0052,0x00B9,0x00FB,0x007E,0x00F9,0x00FA,0x00FF,
    0x005C,0x00F7,0x0053,0x0054,0x0055,0x0056,0x0057,0x0058,0x0059,0x005A,0x00B2,0x00D4,0x00D6,0x00D2,0x00D3,0x00D5,
    0x0030,0x0031,0x0032,0x0033,0x0034,0x0035,0x0036,0x0037,0x0038,0x0039,0x00B3,0x00DB,0x00DC,0x00D9,0x00DA,0x009F
  ]);

const t278 = new Uint16Array([
    0x0000,0x0001,0x0002,0x0003,0x009C,0x0009,0x0086,0x007F,0x0097,0x008D,0x008E,0x000B,0x000C,0x000D,0x000E,0x000F,
    0x0010,0x0011,0x0012,0x0013,0x009D,0x0085,0x0008,0x0087,0x0018,0x0019,0x0092,0x008F,0x001C,0x001D,0x001E,0x001F,
    0x0080,0x0081,0x0082,0x0083,0x0084,0x000A,0x0017,0x001B,0x0088,0x0089,0x008A,0x008B,0x008C,0x0005,0x0006,0x0007,
    0x0090,0x0091,0x0016,0x0093,0x0094,0x0095,0x0096,0x0004,0x0098,0x0099,0x009A,0x009B,0x0014,0x0015,0x009E,0x001A,
    0x0020,0x00A0,0x00E2,0x007B,0x00E0,0x00E1,0x00E3,0x007D,0x00E7,0x00F1,0x00A7,0x002E,0x003C,0x0028,0x002B,0x0021,
    0x0026,0x0060,0x00EA,0x00EB,0x00E8,0x00ED,0x00EE,0x00EF,0x00EC,0x00DF,0x00A4,0x00C5,0x002A,0x0029,0x003B,0x005E,
    0x002D,0x002F,0x00C2,0x0023,0x00C0,0x00C1,0x00C3,0x0024,0x00C7,0x00D1,0x00F6,0x002C,0x0025,0x005F,0x003E,0x003F,
    0x00F8,0x005C,0x00CA,0x00CB,0x00C8,0x00CD,0x00CE,0x00CF,0x00CC,0x00E9,0x003A,0x00C4,0x00D6,0x0027,0x003D,0x0022,
    0x00D8,0x0061,0x0062,0x0063,0x0064,0x0065,0x0066,0x0067,0x0068,0x0069,0x00AB,0x00BB,0x00F0,0x00FD,0x00FE,0x00B1,
    0x00B0,0x006A,0x006B,0x006C,0x006D,0x006E,0x006F,0x0070,0x0071,0x0072,0x00AA,0x00BA,0x00E6,0x00B8,0x00C6,0x005D,
    0x00B5,0x00FC,0x0073,0x0074,0x0075,0x0076,0x0077,0x0078,0x0079,0x007A,0x00A1,0x00BF,0x00D0,0x00DD,0x00DE,0x00AE,
    0x00A2,0x00A3,0x00A5,0x00B7,0x00A9,0x005B,0x00B6,0x00BC,0x00BD,0x00BE,0x00AC,0x007C,0x00AF,0x00A8,0x00B4,0x00D7,
    0x00E4,0x0041,0x0042,0x0043,0x0044,0x0045,0x0046,0x0047,0x0048,0x0049,0x00AD,0x00F4,0x00A6,0x00F2,0x00F3,0x00F5,
    0x00E5,0x004A,0x004B,0x004C,0x004D,0x004E,0x004F,0x0050,0x0051,0x0052,0x00B9,0x00FB,0x007E,0x00F9,0x00FA,0x00FF,
    0x00C9,0x00F7,0x0053,0x0054,0x0055,0x0056,0x0057,0x0058,0x0059,0x005A,0x00B2,0x00D4,0x0040,0x00D2,0x00D3,0x00D5,
    0x0030,0x0031,0x0032,0x0033,0x0034,0x0035,0x0036,0x0037,0x0038,0x0039,0x00B3,0x00DB,0x00DC,0x00D9,0x00DA,0x009F
  ]);

const t280 = new Uint16Array([
    0x0000,0x0001,0x0002,0x0003,0x009C,0x0009,0x0086,0x007F,0x0097,0x008D,0x008E,0x000B,0x000C,0x000D,0x000E,0x000F,
    0x0010,0x0011,0x0012,0x0013,0x009D,0x0085,0x0008,0x0087,0x0018,0x0019,0x0092,0x008F,0x001C,0x001D,0x001E,0x001F,
    0x0080,0x0081,0x0082,0x0083,0x0084,0x000A,0x0017,0x001B,0x0088,0x0089,0x008A,0x008B,0x008C,0x0005,0x0006,0x0007,
    0x0090,0x0091,0x0016,0x0093,0x0094,0x0095,0x0096,0x0004,0x0098,0x0099,0x009A,0x009B,0x0014,0x0015,0x009E,0x001A,
    0x0020,0x00A0,0x00E2,0x00E4,0x007B,0x00E1,0x00E3,0x00E5,0x005C,0x00F1,0x00B0,0x002E,0x003C,0x0028,0x002B,0x0021,
    0x0026,0x005D,0x00EA,0x00EB,0x007D,0x00ED,0x00EE,0x00EF,0x007E,0x00DF,0x00E9,0x0024,0x002A,0x0029,0x003B,0x005E,
    0x002D,0x002F,0x00C2,0x00C4,0x00C0,0x00C1,0x00C3,0x00C5,0x00C7,0x00D1,0x00F2,0x002C,0x0025,0x005F,0x003E,0x003F,
    0x00F8,0x00C9,0x00CA,0x00CB,0x00C8,0x00CD,0x00CE,0x00CF,0x00CC,0x00F9,0x003A,0x00A3,0x00A7,0x0027,0x003D,0x0022,
    0x00D8,0x0061,0x0062,0x0063,0x0064,0x0065,0x0066,0x0067,0x0068,0x0069,0x00AB,0x00BB,0x00F0,0x00FD,0x00FE,0x00B1,
    0x005B,0x006A,0x006B,0x006C,0x006D,0x006E,0x006F,0x0070,0x0071,0x0072,0x00AA,0x00BA,0x00E6,0x00B8,0x00C6,0x00A4,
    0x00B5,0x00EC,0x0073,0x0074,0x0075,0x0076,0x0077,0x0078,0x0079,0x007A,0x00A1,0x00BF,0x00D0,0x00DD,0x00DE,0x00AE,
    0x00A2,0x0023,0x00A5,0x00B7,0x00A9,0x0040,0x00B6,0x00BC,0x00BD,0x00BE,0x00AC,0x007C,0x00AF,0x00A8,0x00B4,0x00D7,
    0x00E0,0x0041,0x0042,0x0043,0x0044,0x0045,0x0046,0x0047,0x0048,0x0049,0x00AD,0x00F4,0x00F6,0x00A6,0x00F3,0x00F5,
    0x00E8,0x004A,0x004B,0x004C,0x004D,0x004E,0x004F,0x0050,0x0051,0x0052,0x00B9,0x00FB,0x00FC,0x0060,0x00FA,0x00FF,
    0x00E7,0x00F7,0x0053,0x0054,0x0055,0x0056,0x0057,0x0058,0x0059,0x005A,0x00B2,0x00D4,0x00D6,0x00D2,0x00D3,0x00D5,
    0x0030,0x0031,0x0032,0x0033,0x0034,0x0035,0x0036,0x0037,0x0038,0x0039,0x00B3,0x00DB,0x00DC,0x00D9,0x00DA,0x009F
  ]);

const t282 = new Uint16Array([
    0x0000,0x0001,0x0002,0x0003,0x009C,0x0009,0x0086,0x007F,0x0097,0x008D,0x008E,0x000B,0x000C,0x000D,0x000E,0x000F,
    0x0010,0x0011,0x0012,0x0013,0x009D,0x0085,0x0008,0x0087,0x0018,0x0019,0x0092,0x008F,0x001C,0x001D,0x001E,0x001F,
    0x0080,0x0081,0x0082,0x0083,0x0084,0x000A,0x0017,0x001B,0x0088,0x0089,0x008A,0x008B,0x008C,0x0005,0x0006,0x0007,
    0x0090,0x0091,0x0016,0x0093,0x0094,0x0095,0x0096,0x0004,0x0098,0x0099,0x009A,0x009B,0x0014,0x0015,0x009E,0x001A,
    0x0020,0x00A0,0x00E2,0x00E4,0x00E0,0x00E1,0x007B,0x00E5,0x007E,0x00F1,0x005B,0x002E,0x003C,0x0028,0x002B,0x0021,
    0x0026,0x00E9,0x00EA,0x00EB,0x00E8,0x00ED,0x00EE,0x00EF,0x00EC,0x00DF,0x005D,0x0024,0x002A,0x0029,0x003B,0x005E,
    0x002D,0x002F,0x00C2,0x00C4,0x00C0,0x00C1,0x0023,0x00C5,0x005C,0x00D1,0x00F5,0x002C,0x0025,0x005F,0x003E,0x003F,
    0x00F8,0x00C9,0x00CA,0x00CB,0x00C8,0x00CD,0x00CE,0x00CF,0x00CC,0x0060,0x003A,0x00C3,0x00D5,0x0027,0x003D,0x0022,
    0x00D8,0x0061,0x0062,0x0063,0x0064,0x0065,0x0066,0x0067,0x0068,0x0069,0x00AB,0x00BB,0x00F0,0x00FD,0x00FE,0x00B1,
    0x00B0,0x006A,0x006B,0x006C,0x006D,0x006E,0x006F,0x0070,0x0071,0x0072,0x00AA,0x00BA,0x00E6,0x00B8,0x00C6,0x00A4,
    0x00B5,0x00E7,0x0073,0x0074,0x0075,0x0076,0x0077,0x0078,0x0079,0x007A,0x00A1,0x00BF,0x00D0,0x00DD,0x00DE,0x00AE,
    0x00A2,0x00A3,0x00A5,0x00B7,0x00A9,0x00A7,0x00B6,0x00BC,0x00BD,0x00BE,0x00AC,0x007C,0x00AF,0x00A8,0x007D,0x00D7,
    0x00E3,0x0041,0x0042,0x0043,0x0044,0x0045,0x0046,0x0047,0x0048,0x0049,0x00AD,0x00F4,0x00F6,0x00F2,0x00F3,0x00A6,
    0x00B4,0x004A,0x004B,0x004C,0x004D,0x004E,0x004F,0x0050,0x0051,0x0052,0x00B9,0x00FB,0x00FC,0x00F9,0x00FA,0x00FF,
    0x00C7,0x00F7,0x0053,0x0054,0x0055,0x0056,0x0057,0x0058,0x0059,0x005A,0x00B2,0x00D4,0x00D6,0x00D2,0x00D3,0x0040,
    0x0030,0x0031,0x0032,0x0033,0x0034,0x0035,0x0036,0x0037,0x0038,0x0039,0x00B3,0x00DB,0x00DC,0x00D9,0x00DA,0x009F
  ]);

const t284 = new Uint16Array([
    0x0000,0x0001,0x0002,0x0003,0x009C,0x0009,0x0086,0x007F,0x0097,0x008D,0x008E,0x000B,0x000C,0x000D,0x000E,0x000F,
    0x0010,0x0011,0x0012,0x0013,0x009D,0x0085,0x0008,0x0087,0x0018,0x0019,0x0092,0x008F,0x001C,0x001D,0x001E,0x001F,
    0x0080,0x0081,0x0082,0x0083,0x0084,0x000A,0x0017,0x001B,0x0088,0x0089,0x008A,0x008B,0x008C,0x0005,0x0006,0x0007,
    0x0090,0x0091,0x0016,0x0093,0x0094,0x0095,0x0096,0x0004,0x0098,0x0099,0x009A,0x009B,0x0014,0x0015,0x009E,0x001A,
    0x0020,0x00A0,0x00E2,0x00E4,0x00E0,0x00E1,0x00E3,0x00E5,0x00E7,0x00A6,0x005B,0x002E,0x003C,0x0028,0x002B,0x007C,
    0x0026,0x00E9,0x00EA,0x00EB,0x00E8,0x00ED,0x00EE,0x00EF,0x00EC,0x00DF,0x005D,0x0024,0x002A,0x0029,0x003B,0x00AC,
    0x002D,0x002F,0x00C2,0x00C4,0x00C0,0x00C1,0x00C3,0x00C5,0x00C7,0x0023,0x00F1,0x002C,0x0025,0x005F,0x003E,0x003F,
    0x00F8,0x00C9,0x00CA,0x00CB,0x00C8,0x00CD,0x00CE,0x00CF,0x00CC,0x0060,0x003A,0x00D1,0x0040,0x0027,0x003D,0x0022,
    0x00D8,0x0061,0x0062,0x0063,0x0064,0x0065,0x0066,0x0067,0x0068,0x0069,0x00AB,0x00BB,0x00F0,0x00FD,0x00FE,0x00B1,
    0x00B0,0x006A,0x006B,0x006C,0x006D,0x006E,0x006F,0x0070,0x0071,0x0072,0x00AA,0x00BA,0x00E6,0x00B8,0x00C6,0x00A4,
    0x00B5,0x00A8,0x0073,0x0074,0x0075,0x0076,0x0077,0x0078,0x0079,0x007A,0x00A1,0x00BF,0x00D0,0x00DD,0x00DE,0x00AE,
    0x00A2,0x00A3,0x00A5,0x00B7,0x00A9,0x00A7,0x00B6,0x00BC,0x00BD,0x00BE,0x005E,0x0021,0x00AF,0x007E,0x00B4,0x00D7,
    0x007B,0x0041,0x0042,0x0043,0x0044,0x0045,0x0046,0x0047,0x0048,0x0049,0x00AD,0x00F4,0x00F6,0x00F2,0x00F3,0x00F5,
    0x007D,0x004A,0x004B,0x004C,0x004D,0x004E,0x004F,0x0050,0x0051,0x0052,0x00B9,0x00FB,0x00FC,0x00F9,0x00FA,0x00FF,
    0x005C,0x00F7,0x0053,0x0054,0x0055,0x0056,0x0057,0x0058,0x0059,0x005A,0x00B2,0x00D4,0x00D6,0x00D2,0x00D3,0x00D5,
    0x0030,0x0031,0x0032,0x0033,0x0034,0x0035,0x0036,0x0037,0x0038,0x0039,0x00B3,0x00DB,0x00DC,0x00D9,0x00DA,0x009F
  ]);

const t285 = new Uint16Array([
    0x0000,0x0001,0x0002,0x0003,0x009C,0x0009,0x0086,0x007F,0x0097,0x008D,0x008E,0x000B,0x000C,0x000D,0x000E,0x000F,
    0x0010,0x0011,0x0012,0x0013,0x009D,0x0085,0x0008,0x0087,0x0018,0x0019,0x0092,0x008F,0x001C,0x001D,0x001E,0x001F,
    0x0080,0x0081,0x0082,0x0083,0x0084,0x000A,0x0017,0x001B,0x0088,0x0089,0x008A,0x008B,0x008C,0x0005,0x0006,0x0007,
    0x0090,0x0091,0x0016,0x0093,0x0094,0x0095,0x0096,0x0004,0x0098,0x0099,0x009A,0x009B,0x0014,0x0015,0x009E,0x001A,
    0x0020,0x00A0,0x00E2,0x00E4,0x00E0,0x00E1,0x00E3,0x00E5,0x00E7,0x00F1,0x0024,0x002E,0x003C,0x0028,0x002B,0x007C,
    0x0026,0x00E9,0x00EA,0x00EB,0x00E8,0x00ED,0x00EE,0x00EF,0x00EC,0x00DF,0x0021,0x00A3,0x002A,0x0029,0x003B,0x00AC,
    0x002D,0x002F,0x00C2,0x00C4,0x00C0,0x00C1,0x00C3,0x00C5,0x00C7,0x00D1,0x00A6,0x002C,0x0025,0x005F,0x003E,0x003F,
    0x00F8,0x00C9,0x00CA,0x00CB,0x00C8,0x00CD,0x00CE,0x00CF,0x00CC,0x0060,0x003A,0x0023,0x0040,0x0027,0x003D,0x0022,
    0x00D8,0x0061,0x0062,0x0063,0x0064,0x0065,0x0066,0x0067,0x0068,0x0069,0x00AB,0x00BB,0x00F0,0x00FD,0x00FE,0x00B1,
    0x00B0,0x006A,0x006B,0x006C,0x006D,0x006E,0x006F,0x0070,0x0071,0x0072,0x00AA,0x00BA,0x00E6,0x00B8,0x00C6,0x00A4,
    0x00B5,0x00AF,0x0073,0x0074,0x0075,0x0076,0x0077,0x0078,0x0079,0x007A,0x00A1,0x00BF,0x00D0,0x00DD,0x00DE,0x00AE,
    0x00A2,0x005B,0x00A5,0x00B7,0x00A9,0x00A7,0x00B6,0x00BC,0x00BD,0x00BE,0x005E,0x005D,0x007E,0x00A8,0x00B4,0x00D7,
    0x007B,0x0041,0x0042,0x0043,0x0044,0x0045,0x0046,0x0047,0x0048,0x0049,0x00AD,0x00F4,0x00F6,0x00F2,0x00F3,0x00F5,
    0x007D,0x004A,0x004B,0x004C,0x004D,0x004E,0x004F,0x0050,0x0051,0x0052,0x00B9,0x00FB,0x00FC,0x00F9,0x00FA,0x00FF,
    0x005C,0x00F7,0x0053,0x0054,0x0055,0x0056,0x0057,0x0058,0x0059,0x005A,0x00B2,0x00D4,0x00D6,0x00D2,0x00D3,0x00D5,
    0x0030,0x0031,0x0032,0x0033,0x0034,0x0035,0x0036,0x0037,0x0038,0x0039,0x00B3,0x00DB,0x00DC,0x00D9,0x00DA,0x009F
  ]);

const t290 = new Uint16Array([
    0x0000,0x0001,0x0002,0x0003,0x009C,0x0009,0x0086,0x007F,0x0097,0x008D,0x008E,0x000B,0x000C,0x000D,0x000E,0x000F,
    0x0010,0x0011,0x0012,0x0013,0x009D,0x0085,0x0008,0x0087,0x0018,0x0019,0x0092,0x008F,0x001C,0x001D,0x001E,0x001F,
    0x0080,0x0081,0x0082,0x0083,0x0084,0x000A,0x0017,0x001B,0x0088,0x0089,0x008A,0x008B,0x008C,0x0005,0x0006,0x0007,
    0x0090,0x0091,0x0016,0x0093,0x0094,0x0095,0x0096,0x0004,0x0098,0x0099,0x009A,0x009B,0x0014,0x0015,0x009E,0x001A,
    0x0020,0xFF61,0xFF62,0xFF63,0xFF64,0xFF65,0xFF66,0xFF67,0xFF68,0xFF69,0x00A3,0x002E,0x003C,0x0028,0x002B,0x007C,
    0x0026,0xFF6A,0xFF6B,0xFF6C,0xFF6D,0xFF6E,0xFF6F,0xFFFD,0xFF70,0xFFFD,0x0021,0x00A5,0x002A,0x0029,0x003B,0x00AC,
    0x002D,0x002F,0x0061,0x0062,0x0063,0x0064,0x0065,0x0066,0x0067,0x0068,0xFFFD,0x002C,0x0025,0x005F,0x003E,0x003F,
    0x005B,0x0069,0x006A,0x006B,0x006C,0x006D,0x006E,0x006F,0x0070,0x0060,0x003A,0x0023,0x0040,0x0027,0x003D,0x0022,
    0x005D,0xFF71,0xFF72,0xFF73,0xFF74,0xFF75,0xFF76,0xFF77,0xFF78,0xFF79,0xFF7A,0x0071,0xFF7B,0xFF7C,0xFF7D,0xFF7E,
    0xFF7F,0xFF80,0xFF81,0xFF82,0xFF83,0xFF84,0xFF85,0xFF86,0xFF87,0xFF88,0xFF89,0x0072,0xFFFD,0xFF8A,0xFF8B,0xFF8C,
    0x007E,0x203E,0xFF8D,0xFF8E,0xFF8F,0xFF90,0xFF91,0xFF92,0xFF93,0xFF94,0xFF95,0x0073,0xFF96,0xFF97,0xFF98,0xFF99,
    0x005E,0x00A2,0x005C,0x0074,0x0075,0x0076,0x0077,0x0078,0x0079,0x007A,0xFF9A,0xFF9B,0xFF9C,0xFF9D,0xFF9E,0xFF9F,
    0x007B,0x0041,0x0042,0x0043,0x0044,0x0045,0x0046,0x0047,0x0048,0x0049,0xFFFD,0xFFFD,0xFFFD,0xFFFD,0xFFFD,0xFFFD,
    0x007D,0x004A,0x004B,0x004C,0x004D,0x004E,0x004F,0x0050,0x0051,0x0052,0xFFFD,0xFFFD,0xFFFD,0xFFFD,0xFFFD,0xFFFD,
    0x0024,0xFFFD,0x0053,0x0054,0x0055,0x0056,0x0057,0x0058,0x0059,0x005A,0xFFFD,0xFFFD,0xFFFD,0xFFFD,0xFFFD,0xFFFD,
    0x0030,0x0031,0x0032,0x0033,0x0034,0x0035,0x0036,0x0037,0x0038,0x0039,0xFFFD,0xFFFD,0xFFFD,0xFFFD,0xFFFD,0x009F
  ]);

const t297 = new Uint16Array([
    0x0000,0x0001,0x0002,0x0003,0x009C,0x0009,0x0086,0x007F,0x0097,0x008D,0x008E,0x000B,0x000C,0x000D,0x000E,0x000F,
    0x0010,0x0011,0x0012,0x0013,0x009D,0x0085,0x0008,0x0087,0x0018,0x0019,0x0092,0x008F,0x001C,0x001D,0x001E,0x001F,
    0x0080,0x0081,0x0082,0x0083,0x0084,0x000A,0x0017,0x001B,0x0088,0x0089,0x008A,0x008B,0x008C,0x0005,0x0006,0x0007,
    0x0090,0x0091,0x0016,0x0093,0x0094,0x0095,0x0096,0x0004,0x0098,0x0099,0x009A,0x009B,0x0014,0x0015,0x009E,0x001A,
    0x0020,0x00A0,0x00E2,0x00E4,0x0040,0x00E1,0x00E3,0x00E5,0x005C,0x00F1,0x00B0,0x002E,0x003C,0x0028,0x002B,0x0021,
    0x0026,0x007B,0x00EA,0x00EB,0x007D,0x00ED,0x00EE,0x00EF,0x00EC,0x00DF,0x00A7,0x0024,0x002A,0x0029,0x003B,0x005E,
    0x002D,0x002F,0x00C2,0x00C4,0x00C0,0x00C1,0x00C3,0x00C5,0x00C7,0x00D1,0x00F9,0x002C,0x0025,0x005F,0x003E,0x003F,
    0x00F8,0x00C9,0x00CA,0x00CB,0x00C8,0x00CD,0x00CE,0x00CF,0x00CC,0x00B5,0x003A,0x00A3,0x00E0,0x0027,0x003D,0x0022,
    0x00D8,0x0061,0x0062,0x0063,0x0064,0x0065,0x0066,0x0067,0x0068,0x0069,0x00AB,0x00BB,0x00F0,0x00FD,0x00FE,0x00B1,
    0x005B,0x006A,0x006B,0x006C,0x006D,0x006E,0x006F,0x0070,0x0071,0x0072,0x00AA,0x00BA,0x00E6,0x00B8,0x00C6,0x00A4,
    0x0060,0x00A8,0x0073,0x0074,0x0075,0x0076,0x0077,0x0078,0x0079,0x007A,0x00A1,0x00BF,0x00D0,0x00DD,0x00DE,0x00AE,
    0x00A2,0x0023,0x00A5,0x00B7,0x00A9,0x005D,0x00B6,0x00BC,0x00BD,0x00BE,0x00AC,0x007C,0x00AF,0x007E,0x00B4,0x00D7,
    0x00E9,0x0041,0x0042,0x0043,0x0044,0x0045,0x0046,0x0047,0x0048,0x0049,0x00AD,0x00F4,0x00F6,0x00F2,0x00F3,0x00F5,
    0x00E8,0x004A,0x004B,0x004C,0x004D,0x004E,0x004F,0x0050,0x0051,0x0052,0x00B9,0x00FB,0x00FC,0x00A6,0x00FA,0x00FF,
    0x00E7,0x00F7,0x0053,0x0054,0x0055,0x0056,0x0057,0x0058,0x0059,0x005A,0x00B2,0x00D4,0x00D6,0x00D2,0x00D3,0x00D5,
    0x0030,0x0031,0x0032,0x0033,0x0034,0x0035,0x0036,0x0037,0x0038,0x0039,0x00B3,0x00DB,0x00DC,0x00D9,0x00DA,0x009F
  ]);

const t420 = new Uint16Array([
    0x0000,0x0001,0x0002,0x0003,0x009C,0x0009,0x0086,0x007F,0x0097,0x008D,0x008E,0x000B,0x000C,0x000D,0x000E,0x000F,
    0x0010,0x0011,0x0012,0x0013,0x009D,0x0085,0x0008,0x0087,0x0018,0x0019,0x0092,0x008F,0x001C,0x001D,0x001E,0x001F,
    0x0080,0x0081,0x0082,0x0083,0x0084,0x000A,0x0017,0x001B,0x0088,0x0089,0x008A,0x008B,0x008C,0x0005,0x0006,0x0007,
    0x0090,0x0091,0x0016,0x0093,0x0094,0x0095,0x0096,0x0004,0x0098,0x0099,0x009A,0x009B,0x0014,0x0015,0x009E,0x001A,
    0x0020,0x00A0,0x0651,0xFE7D,0x0640,0x200B,0x0621,0x0622,0xFE82,0x0623,0x00A2,0x002E,0x003C,0x0028,0x002B,0x007C,
    0x0026,0xFE84,0x0624,0xFFFD,0xFFFD,0x0626,0x0627,0xFE8E,0x0628,0xFE91,0x0021,0x0024,0x002A,0x0029,0x003B,0x00AC,
    0x002D,0x002F,0x0629,0x062A,0xFE97,0x062B,0xFE9B,0x062C,0xFE9F,0x062D,0x00A6,0x002C,0x0025,0x005F,0x003E,0x003F,
    0xFEA3,0x062E,0xFEA7,0x062F,0x0630,0x0631,0x0632,0x0633,0xFEB3,0x060C,0x003A,0x0023,0x0040,0x0027,0x003D,0x0022,
    0x0634,0x0061,0x0062,0x0063,0x0064,0x0065,0x0066,0x0067,0x0068,0x0069,0xFEB7,0x0635,0xFEBB,0x0636,0xFEBF,0x0637,
    0x0638,0x006A,0x006B,0x006C,0x006D,0x006E,0x006F,0x0070,0x0071,0x0072,0x0639,0xFECA,0xFECB,0xFECC,0x063A,0xFECE,
    0xFECF,0x00F7,0x0073,0x0074,0x0075,0x0076,0x0077,0x0078,0x0079,0x007A,0xFED0,0x0641,0xFED3,0x0642,0xFED7,0x0643,
    0xFEDB,0x0644,0xFEF5,0xFEF6,0xFEF7,0xFEF8,0xFFFD,0xFFFD,0xFEFB,0xFEFC,0xFEDF,0x0645,0xFEE3,0x0646,0xFEE7,0x0647,
    0x061B,0x0041,0x0042,0x0043,0x0044,0x0045,0x0046,0x0047,0x0048,0x0049,0x00AD,0xFEEB,0xFFFD,0xFEEC,0xFFFD,0x0648,
    0x061F,0x004A,0x004B,0x004C,0x004D,0x004E,0x004F,0x0050,0x0051,0x0052,0x0649,0xFEF0,0x064A,0xFEF2,0xFEF3,0x0660,
    0x00D7,0xFFFD,0x0053,0x0054,0x0055,0x0056,0x0057,0x0058,0x0059,0x005A,0x0661,0x0662,0xFFFD,0x0663,0x0664,0x0665,
    0x0030,0x0031,0x0032,0x0033,0x0034,0x0035,0x0036,0x0037,0x0038,0x0039,0xFFFD,0x0666,0x0667,0x0668,0x0669,0x009F
  ]);

const t424 = new Uint16Array([
    0x0000,0x0001,0x0002,0x0003,0x009C,0x0009,0x0086,0x007F,0x0097,0x008D,0x008E,0x000B,0x000C,0x000D,0x000E,0x000F,
    0x0010,0x0011,0x0012,0x0013,0x009D,0x0085,0x0008,0x0087,0x0018,0x0019,0x0092,0x008F,0x001C,0x001D,0x001E,0x001F,
    0x0080,0x0081,0x0082,0x0083,0x0084,0x000A,0x0017,0x001B,0x0088,0x0089,0x008A,0x008B,0x008C,0x0005,0x0006,0x0007,
    0x0090,0x0091,0x0016,0x0093,0x0094,0x0095,0x0096,0x0004,0x0098,0x0099,0x009A,0x009B,0x0014,0x0015,0x009E,0x001A,
    0x0020,0x05D0,0x05D1,0x05D2,0x05D3,0x05D4,0x05D5,0x05D6,0x05D7,0x05D8,0x00A2,0x002E,0x003C,0x0028,0x002B,0x007C,
    0x0026,0x05D9,0x05DA,0x05DB,0x05DC,0x05DD,0x05DE,0x05DF,0x05E0,0x05E1,0x0021,0x0024,0x002A,0x0029,0x003B,0x00AC,
    0x002D,0x002F,0x05E2,0x05E3,0x05E4,0x05E5,0x05E6,0x05E7,0x05E8,0x05E9,0x00A6,0x002C,0x0025,0x005F,0x003E,0x003F,
    0xFFFD,0x05EA,0xFFFD,0xFFFD,0x00A0,0xFFFD,0xFFFD,0xFFFD,0x2017,0x0060,0x003A,0x0023,0x0040,0x0027,0x003D,0x0022,
    0xFFFD,0x0061,0x0062,0x0063,0x0064,0x0065,0x0066,0x0067,0x0068,0x0069,0x00AB,0x00BB,0xFFFD,0xFFFD,0xFFFD,0x00B1,
    0x00B0,0x006A,0x006B,0x006C,0x006D,0x006E,0x006F,0x0070,0x0071,0x0072,0xFFFD,0xFFFD,0xFFFD,0x00B8,0xFFFD,0x00A4,
    0x00B5,0x007E,0x0073,0x0074,0x0075,0x0076,0x0077,0x0078,0x0079,0x007A,0xFFFD,0xFFFD,0xFFFD,0xFFFD,0xFFFD,0x00AE,
    0x005E,0x00A3,0x00A5,0x2022,0x00A9,0x00A7,0x00B6,0x00BC,0x00BD,0x00BE,0x005B,0x005D,0x203E,0x00A8,0x00B4,0x00D7,
    0x007B,0x0041,0x0042,0x0043,0x0044,0x0045,0x0046,0x0047,0x0048,0x0049,0x00AD,0xFFFD,0xFFFD,0xFFFD,0xFFFD,0xFFFD,
    0x007D,0x004A,0x004B,0x004C,0x004D,0x004E,0x004F,0x0050,0x0051,0x0052,0x00B9,0xFFFD,0xFFFD,0xFFFD,0xFFFD,0xFFFD,
    0x005C,0x00F7,0x0053,0x0054,0x0055,0x0056,0x0057,0x0058,0x0059,0x005A,0x00B2,0xFFFD,0xFFFD,0xFFFD,0xFFFD,0xFFFD,
    0x0030,0x0031,0x0032,0x0033,0x0034,0x0035,0x0036,0x0037,0x0038,0x0039,0x00B3,0xFFFD,0xFFFD,0xFFFD,0xFFFD,0x009F
  ]);

const t425 = new Uint16Array([
    0x0000,0x0001,0x0002,0x0003,0x009C,0x0009,0x0086,0x007F,0x0097,0x008D,0x008E,0x000B,0x000C,0x000D,0x000E,0x000F,
    0x0010,0x0011,0x0012,0x0013,0x009D,0x0085,0x0008,0x0087,0x0018,0x0019,0x0092,0x008F,0x001C,0x001D,0x001E,0x001F,
    0x0080,0x0081,0x0082,0x0083,0x0084,0x000A,0x0017,0x001B,0x0088,0x0089,0x008A,0x008B,0x008C,0x0005,0x0006,0x0007,
    0x0090,0x0091,0x0016,0x0093,0x0094,0x0095,0x0096,0x0004,0x0098,0x0099,0x009A,0x009B,0x0014,0x0015,0x009E,0x001A,
    0x0020,0x00A0,0x00E2,0x060C,0x00E0,0x061B,0x0640,0x061F,0x00E7,0x0621,0x0622,0x002E,0x003C,0x0028,0x002B,0x007C,
    0x0026,0x00E9,0x00EA,0x00EB,0x00E8,0x0623,0x00EE,0x00EF,0x0624,0x0625,0x0021,0x0024,0x002A,0x0029,0x003B,0x005E,
    0x002D,0x002F,0x00C2,0x0626,0x00C0,0x0627,0x0628,0x0629,0x00C7,0x062A,0x062B,0x002C,0x0025,0x005F,0x003E,0x003F,
    0x062C,0x00C9,0x00CA,0x00CB,0x00C8,0x062D,0x00CE,0x00CF,0x062E,0x0060,0x003A,0x0023,0x0040,0x0027,0x003D,0x0022,
    0x062F,0x0061,0x0062,0x0063,0x0064,0x0065,0x0066,0x0067,0x0068,0x0069,0x00AB,0x00BB,0x0630,0x0631,0x0632,0x0633,
    0x0634,0x006A,0x006B,0x006C,0x006D,0x006E,0x006F,0x0070,0x0071,0x0072,0x0635,0x0636,0x00E6,0x0637,0x00C6,0x20AC,
    0x00B5,0x007E,0x0073,0x0074,0x0075,0x0076,0x0077,0x0078,0x0079,0x007A,0x0638,0x0639,0x063A,0x005B,0x0641,0x0642,
    0x0643,0x0644,0x0645,0x0646,0x00A9,0x00A7,0x0647,0x0152,0x0153,0x0178,0x0648,0x0649,0x064A,0x005D,0x064B,0x00D7,
    0x007B,0x0041,0x0042,0x0043,0x0044,0x0045,0x0046,0x0047,0x0048,0x0049,0x00AD,0x00F4,0x064C,0x064D,0x064E,0x064F,
    0x007D,0x004A,0x004B,0x004C,0x004D,0x004E,0x004F,0x0050,0x0051,0x0052,0x0650,0x00FB,0x00FC,0x00F9,0x0651,0x00FF,
    0x005C,0x00F7,0x0053,0x0054,0x0055,0x0056,0x0057,0x0058,0x0059,0x005A,0x0652,0x00D4,0x200C,0x200D,0x200E,0x200F,
    0x0030,0x0031,0x0032,0x0033,0x0034,0x0035,0x0036,0x0037,0x0038,0x0039,0xFFFD,0x00DB,0x00DC,0x00D9,0x00A4,0x009F
  ]);

const t437 = new Uint16Array([
    0x0000,0x0001,0x0002,0x0003,0x0004,0x0005,0x0006,0x0007,0x0008,0x0009,0x000A,0x000B,0x000C,0x000D,0x000E,0x000F,
    0x0010,0x0011,0x0012,0x0013,0x0014,0x0015,0x0016,0x0017,0x0018,0x0019,0x001C,0x001B,0x007F,0x001D,0x001E,0x001F,
    0x0020,0x0021,0x0022,0x0023,0x0024,0x0025,0x0026,0x0027,0x0028,0x0029,0x002A,0x002B,0x002C,0x002D,0x002E,0x002F,
    0x0030,0x0031,0x0032,0x0033,0x0034,0x0035,0x0036,0x0037,0x0038,0x0039,0x003A,0x003B,0x003C,0x003D,0x003E,0x003F,
    0x0040,0x0041,0x0042,0x0043,0x0044,0x0045,0x0046,0x0047,0x0048,0x0049,0x004A,0x004B,0x004C,0x004D,0x004E,0x004F,
    0x0050,0x0051,0x0052,0x0053,0x0054,0x0055,0x0056,0x0057,0x0058,0x0059,0x005A,0x005B,0x005C,0x005D,0x005E,0x005F,
    0x0060,0x0061,0x0062,0x0063,0x0064,0x0065,0x0066,0x0067,0x0068,0x0069,0x006A,0x006B,0x006C,0x006D,0x006E,0x006F,
    0x0070,0x0071,0x0072,0x0073,0x0074,0x0075,0x0076,0x0077,0x0078,0x0079,0x007A,0x007B,0x007C,0x007D,0x007E,0x001A,
    0x00C7,0x00FC,0x00E9,0x00E2,0x00E4,0x00E0,0x00E5,0x00E7,0x00EA,0x00EB,0x00E8,0x00EF,0x00EE,0x00EC,0x00C4,0x00C5,
    0x00C9,0x00E6,0x00C6,0x00F4,0x00F6,0x00F2,0x00FB,0x00F9,0x00FF,0x00D6,0x00DC,0x00A2,0x00A3,0x00A5,0x20A7,0x0192,
    0x00E1,0x00ED,0x00F3,0x00FA,0x00F1,0x00D1,0x00AA,0x00BA,0x00BF,0x2310,0x00AC,0x00BD,0x00BC,0x00A1,0x00AB,0x00BB,
    0x2591,0x2592,0x2593,0x2502,0x2524,0x2561,0x2562,0x2556,0x2555,0x2563,0x2551,0x2557,0x255D,0x255C,0x255B,0x2510,
    0x2514,0x2534,0x252C,0x251C,0x2500,0x253C,0x255E,0x255F,0x255A,0x2554,0x2569,0x2566,0x2560,0x2550,0x256C,0x2567,
    0x2568,0x2564,0x2565,0x2559,0x2558,0x2552,0x2553,0x256B,0x256A,0x2518,0x250C,0x2588,0x2584,0x258C,0x2590,0x2580,
    0x03B1,0x00DF,0x0393,0x03C0,0x03A3,0x03C3,0x03BC,0x03C4,0x03A6,0x0398,0x03A9,0x03B4,0x221E,0x03C6,0x03B5,0x2229,
    0x2261,0x00B1,0x2265,0x2264,0x2320,0x2321,0x00F7,0x2248,0x00B0,0x2219,0x00B7,0x221A,0x207F,0x00B2,0x25A0,0x00A0
  ]);

const t500 = new Uint16Array([
    0x0000,0x0001,0x0002,0x0003,0x009C,0x0009,0x0086,0x007F,0x0097,0x008D,0x008E,0x000B,0x000C,0x000D,0x000E,0x000F,
    0x0010,0x0011,0x0012,0x0013,0x009D,0x0085,0x0008,0x0087,0x0018,0x0019,0x0092,0x008F,0x001C,0x001D,0x001E,0x001F,
    0x0080,0x0081,0x0082,0x0083,0x0084,0x000A,0x0017,0x001B,0x0088,0x0089,0x008A,0x008B,0x008C,0x0005,0x0006,0x0007,
    0x0090,0x0091,0x0016,0x0093,0x0094,0x0095,0x0096,0x0004,0x0098,0x0099,0x009A,0x009B,0x0014,0x0015,0x009E,0x001A,
    0x0020,0x00A0,0x00E2,0x00E4,0x00E0,0x00E1,0x00E3,0x00E5,0x00E7,0x00F1,0x005B,0x002E,0x003C,0x0028,0x002B,0x0021,
    0x0026,0x00E9,0x00EA,0x00EB,0x00E8,0x00ED,0x00EE,0x00EF,0x00EC,0x00DF,0x005D,0x0024,0x002A,0x0029,0x003B,0x005E,
    0x002D,0x002F,0x00C2,0x00C4,0x00C0,0x00C1,0x00C3,0x00C5,0x00C7,0x00D1,0x00A6,0x002C,0x0025,0x005F,0x003E,0x003F,
    0x00F8,0x00C9,0x00CA,0x00CB,0x00C8,0x00CD,0x00CE,0x00CF,0x00CC,0x0060,0x003A,0x0023,0x0040,0x0027,0x003D,0x0022,
    0x00D8,0x0061,0x0062,0x0063,0x0064,0x0065,0x0066,0x0067,0x0068,0x0069,0x00AB,0x00BB,0x00F0,0x00FD,0x00FE,0x00B1,
    0x00B0,0x006A,0x006B,0x006C,0x006D,0x006E,0x006F,0x0070,0x0071,0x0072,0x00AA,0x00BA,0x00E6,0x00B8,0x00C6,0x00A4,
    0x00B5,0x007E,0x0073,0x0074,0x0075,0x0076,0x0077,0x0078,0x0079,0x007A,0x00A1,0x00BF,0x00D0,0x00DD,0x00DE,0x00AE,
    0x00A2,0x00A3,0x00A5,0x00B7,0x00A9,0x00A7,0x00B6,0x00BC,0x00BD,0x00BE,0x00AC,0x007C,0x00AF,0x00A8,0x00B4,0x00D7,
    0x007B,0x0041,0x0042,0x0043,0x0044,0x0045,0x0046,0x0047,0x0048,0x0049,0x00AD,0x00F4,0x00F6,0x00F2,0x00F3,0x00F5,
    0x007D,0x004A,0x004B,0x004C,0x004D,0x004E,0x004F,0x0050,0x0051,0x0052,0x00B9,0x00FB,0x00FC,0x00F9,0x00FA,0x00FF,
    0x005C,0x00F7,0x0053,0x0054,0x0055,0x0056,0x0057,0x0058,0x0059,0x005A,0x00B2,0x00D4,0x00D6,0x00D2,0x00D3,0x00D5,
    0x0030,0x0031,0x0032,0x0033,0x0034,0x0035,0x0036,0x0037,0x0038,0x0039,0x00B3,0x00DB,0x00DC,0x00D9,0x00DA,0x009F
  ]);

const t808 = new Uint16Array([
    0x0000,0x0001,0x0002,0x0003,0x0004,0x0005,0x0006,0x0007,0x0008,0x0009,0x000A,0x000B,0x000C,0x000D,0x000E,0x000F,
    0x0010,0x0011,0x0012,0x0013,0x0014,0x0015,0x0016,0x0017,0x0018,0x0019,0x001C,0x001B,0x007F,0x001D,0x001E,0x001F,
    0x0020,0x0021,0x0022,0x0023,0x0024,0x0025,0x0026,0x0027,0x0028,0x0029,0x002A,0x002B,0x002C,0x002D,0x002E,0x002F,
    0x0030,0x0031,0x0032,0x0033,0x0034,0x0035,0x0036,0x0037,0x0038,0x0039,0x003A,0x003B,0x003C,0x003D,0x003E,0x003F,
    0x0040,0x0041,0x0042,0x0043,0x0044,0x0045,0x0046,0x0047,0x0048,0x0049,0x004A,0x004B,0x004C,0x004D,0x004E,0x004F,
    0x0050,0x0051,0x0052,0x0053,0x0054,0x0055,0x0056,0x0057,0x0058,0x0059,0x005A,0x005B,0x005C,0x005D,0x005E,0x005F,
    0x0060,0x0061,0x0062,0x0063,0x0064,0x0065,0x0066,0x0067,0x0068,0x0069,0x006A,0x006B,0x006C,0x006D,0x006E,0x006F,
    0x0070,0x0071,0x0072,0x0073,0x0074,0x0075,0x0076,0x0077,0x0078,0x0079,0x007A,0x007B,0x007C,0x007D,0x007E,0x001A,
    0x0410,0x0411,0x0412,0x0413,0x0414,0x0415,0x0416,0x0417,0x0418,0x0419,0x041A,0x041B,0x041C,0x041D,0x041E,0x041F,
    0x0420,0x0421,0x0422,0x0423,0x0424,0x0425,0x0426,0x0427,0x0428,0x0429,0x042A,0x042B,0x042C,0x042D,0x042E,0x042F,
    0x0430,0x0431,0x0432,0x0433,0x0434,0x0435,0x0436,0x0437,0x0438,0x0439,0x043A,0x043B,0x043C,0x043D,0x043E,0x043F,
    0x2591,0x2592,0x2593,0x2502,0x2524,0x2561,0x2562,0x2556,0x2555,0x2563,0x2551,0x2557,0x255D,0x255C,0x255B,0x2510,
    0x2514,0x2534,0x252C,0x251C,0x2500,0x253C,0x255E,0x255F,0x255A,0x2554,0x2569,0x2566,0x2560,0x2550,0x256C,0x2567,
    0x2568,0x2564,0x2565,0x2559,0x2558,0x2552,0x2553,0x256B,0x256A,0x2518,0x250C,0x2588,0x2584,0x258C,0x2590,0x2580,
    0x0440,0x0441,0x0442,0x0443,0x0444,0x0445,0x0446,0x0447,0x0448,0x0449,0x044A,0x044B,0x044C,0x044D,0x044E,0x044F,
    0x0401,0x0451,0x0404,0x0454,0x0407,0x0457,0x040E,0x045E,0x00B0,0x2219,0x00B7,0x221A,0x2116,0x20AC,0x25A0,0x00A0
  ]);

const t813 = new Uint16Array([
    0x0000,0x0001,0x0002,0x0003,0x0004,0x0005,0x0006,0x0007,0x0008,0x0009,0x000A,0x000B,0x000C,0x000D,0x000E,0x000F,
    0x0010,0x0011,0x0012,0x0013,0x0014,0x0015,0x0016,0x0017,0x0018,0x0019,0x001A,0x001B,0x001C,0x001D,0x001E,0x001F,
    0x0020,0x0021,0x0022,0x0023,0x0024,0x0025,0x0026,0x0027,0x0028,0x0029,0x002A,0x002B,0x002C,0x002D,0x002E,0x002F,
    0x0030,0x0031,0x0032,0x0033,0x0034,0x0035,0x0036,0x0037,0x0038,0x0039,0x003A,0x003B,0x003C,0x003D,0x003E,0x003F,
    0x0040,0x0041,0x0042,0x0043,0x0044,0x0045,0x0046,0x0047,0x0048,0x0049,0x004A,0x004B,0x004C,0x004D,0x004E,0x004F,
    0x0050,0x0051,0x0052,0x0053,0x0054,0x0055,0x0056,0x0057,0x0058,0x0059,0x005A,0x005B,0x005C,0x005D,0x005E,0x005F,
    0x0060,0x0061,0x0062,0x0063,0x0064,0x0065,0x0066,0x0067,0x0068,0x0069,0x006A,0x006B,0x006C,0x006D,0x006E,0x006F,
    0x0070,0x0071,0x0072,0x0073,0x0074,0x0075,0x0076,0x0077,0x0078,0x0079,0x007A,0x007B,0x007C,0x007D,0x007E,0x007F,
    0x0080,0x0081,0x0082,0x0083,0x0084,0x0085,0x0086,0x0087,0x0088,0x0089,0x008A,0x008B,0x008C,0x008D,0x008E,0x008F,
    0x0090,0x0091,0x0092,0x0093,0x0094,0x0095,0x0096,0x0097,0x0098,0x0099,0x009A,0x009B,0x009C,0x009D,0x009E,0x009F,
    0x00A0,0x2018,0x2019,0x00A3,0xFFFD,0xFFFD,0x00A6,0x00A7,0x00A8,0x00A9,0xFFFD,0x00AB,0x00AC,0x00AD,0xFFFD,0x2015,
    0x00B0,0x00B1,0x00B2,0x00B3,0x00B4,0x0385,0x0386,0x0387,0x0388,0x0389,0x038A,0x00BB,0x038C,0x00BD,0x038E,0x038F,
    0x0390,0x0391,0x0392,0x0393,0x0394,0x0395,0x0396,0x0397,0x0398,0x0399,0x039A,0x039B,0x039C,0x039D,0x039E,0x039F,
    0x03A0,0x03A1,0xFFFD,0x03A3,0x03A4,0x03A5,0x03A6,0x03A7,0x03A8,0x03A9,0x03AA,0x03AB,0x03AC,0x03AD,0x03AE,0x03AF,
    0x03B0,0x03B1,0x03B2,0x03B3,0x03B4,0x03B5,0x03B6,0x03B7,0x03B8,0x03B9,0x03BA,0x03BB,0x03BC,0x03BD,0x03BE,0x03BF,
    0x03C0,0x03C1,0x03C2,0x03C3,0x03C4,0x03C5,0x03C6,0x03C7,0x03C8,0x03C9,0x03CA,0x03CB,0x03CC,0x03CD,0x03CE,0xFFFD
  ]);

const t819 = new Uint16Array([
    0x0000,0x0001,0x0002,0x0003,0x0004,0x0005,0x0006,0x0007,0x0008,0x0009,0x000A,0x000B,0x000C,0x000D,0x000E,0x000F,
    0x0010,0x0011,0x0012,0x0013,0x0014,0x0015,0x0016,0x0017,0x0018,0x0019,0x001A,0x001B,0x001C,0x001D,0x001E,0x001F,
    0x0020,0x0021,0x0022,0x0023,0x0024,0x0025,0x0026,0x0027,0x0028,0x0029,0x002A,0x002B,0x002C,0x002D,0x002E,0x002F,
    0x0030,0x0031,0x0032,0x0033,0x0034,0x0035,0x0036,0x0037,0x0038,0x0039,0x003A,0x003B,0x003C,0x003D,0x003E,0x003F,
    0x0040,0x0041,0x0042,0x0043,0x0044,0x0045,0x0046,0x0047,0x0048,0x0049,0x004A,0x004B,0x004C,0x004D,0x004E,0x004F,
    0x0050,0x0051,0x0052,0x0053,0x0054,0x0055,0x0056,0x0057,0x0058,0x0059,0x005A,0x005B,0x005C,0x005D,0x005E,0x005F,
    0x0060,0x0061,0x0062,0x0063,0x0064,0x0065,0x0066,0x0067,0x0068,0x0069,0x006A,0x006B,0x006C,0x006D,0x006E,0x006F,
    0x0070,0x0071,0x0072,0x0073,0x0074,0x0075,0x0076,0x0077,0x0078,0x0079,0x007A,0x007B,0x007C,0x007D,0x007E,0x007F,
    0x0080,0x0081,0x0082,0x0083,0x0084,0x0085,0x0086,0x0087,0x0088,0x0089,0x008A,0x008B,0x008C,0x008D,0x008E,0x008F,
    0x0090,0x0091,0x0092,0x0093,0x0094,0x0095,0x0096,0x0097,0x0098,0x0099,0x009A,0x009B,0x009C,0x009D,0x009E,0x009F,
    0x00A0,0x00A1,0x00A2,0x00A3,0x00A4,0x00A5,0x00A6,0x00A7,0x00A8,0x00A9,0x00AA,0x00AB,0x00AC,0x00AD,0x00AE,0x00AF,
    0x00B0,0x00B1,0x00B2,0x00B3,0x00B4,0x00B5,0x00B6,0x00B7,0x00B8,0x00B9,0x00BA,0x00BB,0x00BC,0x00BD,0x00BE,0x00BF,
    0x00C0,0x00C1,0x00C2,0x00C3,0x00C4,0x00C5,0x00C6,0x00C7,0x00C8,0x00C9,0x00CA,0x00CB,0x00CC,0x00CD,0x00CE,0x00CF,
    0x00D0,0x00D1,0x00D2,0x00D3,0x00D4,0x00D5,0x00D6,0x00D7,0x00D8,0x00D9,0x00DA,0x00DB,0x00DC,0x00DD,0x00DE,0x00DF,
    0x00E0,0x00E1,0x00E2,0x00E3,0x00E4,0x00E5,0x00E6,0x00E7,0x00E8,0x00E9,0x00EA,0x00EB,0x00EC,0x00ED,0x00EE,0x00EF,
    0x00F0,0x00F1,0x00F2,0x00F3,0x00F4,0x00F5,0x00F6,0x00F7,0x00F8,0x00F9,0x00FA,0x00FB,0x00FC,0x00FD,0x00FE,0x00FF
  ]);

const t833 = new Uint16Array([
    0x0000,0x0001,0x0002,0x0003,0x009C,0x0009,0x0086,0x007F,0x0097,0x008D,0x008E,0x000B,0x000C,0x000D,0x000E,0x000F,
    0x0010,0x0011,0x0012,0x0013,0x009D,0x0085,0x0008,0x0087,0x0018,0x0019,0x0092,0x008F,0x001C,0x001D,0x001E,0x001F,
    0x0080,0x0081,0x0082,0x0083,0x0084,0x000A,0x0017,0x001B,0x0088,0x0089,0x008A,0x008B,0x008C,0x0005,0x0006,0x0007,
    0x0090,0x0091,0x0016,0x0093,0x0094,0x0095,0x0096,0x0004,0x0098,0x0099,0x009A,0x009B,0x0014,0x0015,0x009E,0x001A,
    0x0020,0xFFFD,0xFFA0,0xFFA1,0xFFA2,0xFFA3,0xFFA4,0xFFA5,0xFFA6,0xFFA7,0x00A2,0x002E,0x003C,0x0028,0x002B,0x007C,
    0x0026,0xFFFD,0xFFA8,0xFFA9,0xFFAA,0xFFAB,0xFFAC,0xFFAD,0xFFAE,0xFFAF,0x0021,0x0024,0x002A,0x0029,0x003B,0x00AC,
    0x002D,0x002F,0xFFB0,0xFFB1,0xFFB2,0xFFB3,0xFFB4,0xFFB5,0xFFB6,0xFFB7,0x00A6,0x002C,0x0025,0x005F,0x003E,0x003F,
    0x005B,0xFFFD,0xFFB8,0xFFB9,0xFFBA,0xFFBB,0xFFBC,0xFFBD,0xFFBE,0x0060,0x003A,0x0023,0x0040,0x0027,0x003D,0x0022,
    0x005D,0x0061,0x0062,0x0063,0x0064,0x0065,0x0066,0x0067,0x0068,0x0069,0xFFC2,0xFFC3,0xFFC4,0xFFC5,0xFFC6,0xFFC7,
    0xFFFD,0x006A,0x006B,0x006C,0x006D,0x006E,0x006F,0x0070,0x0071,0x0072,0xFFCA,0xFFCB,0xFFCC,0xFFCD,0xFFCE,0xFFCF,
    0x203E,0x007E,0x0073,0x0074,0x0075,0x0076,0x0077,0x0078,0x0079,0x007A,0xFFD2,0xFFD3,0xFFD4,0xFFD5,0xFFD6,0xFFD7,
    0x005E,0xFFFD,0x005C,0xFFFD,0xFFFD,0xFFFD,0xFFFD,0xFFFD,0xFFFD,0xFFFD,0xFFDA,0xFFDB,0xFFDC,0xFFFD,0xFFFD,0xFFFD,
    0x007B,0x0041,0x0042,0x0043,0x0044,0x0045,0x0046,0x0047,0x0048,0x0049,0xFFFD,0xFFFD,0xFFFD,0xFFFD,0xFFFD,0xFFFD,
    0x007D,0x004A,0x004B,0x004C,0x004D,0x004E,0x004F,0x0050,0x0051,0x0052,0xFFFD,0xFFFD,0xFFFD,0xFFFD,0xFFFD,0xFFFD,
    0x20A9,0xFFFD,0x0053,0x0054,0x0055,0x0056,0x0057,0x0058,0x0059,0x005A,0xFFFD,0xFFFD,0xFFFD,0xFFFD,0xFFFD,0xFFFD,
    0x0030,0x0031,0x0032,0x0033,0x0034,0x0035,0x0036,0x0037,0x0038,0x0039,0xFFFD,0xFFFD,0xFFFD,0xFFFD,0xFFFD,0x009F
  ]);

const t838 = new Uint16Array([
    0x0000,0x0001,0x0002,0x0003,0x009C,0x0009,0x0086,0x007F,0x0097,0x008D,0x008E,0x000B,0x000C,0x000D,0x000E,0x000F,
    0x0010,0x0011,0x0012,0x0013,0x009D,0x0085,0x0008,0x0087,0x0018,0x0019,0x0092,0x008F,0x001C,0x001D,0x001E,0x001F,
    0x0080,0x0081,0x0082,0x0083,0x0084,0x000A,0x0017,0x001B,0x0088,0x0089,0x008A,0x008B,0x008C,0x0005,0x0006,0x0007,
    0x0090,0x0091,0x0016,0x0093,0x0094,0x0095,0x0096,0x0004,0x0098,0x0099,0x009A,0x009B,0x0014,0x0015,0x009E,0x001A,
    0x0020,0x00A0,0x0E01,0x0E02,0x0E03,0x0E04,0x0E05,0x0E06,0x0E07,0x005B,0x00A2,0x002E,0x003C,0x0028,0x002B,0x007C,
    0x0026,0x0E48,0x0E08,0x0E09,0x0E0A,0x0E0B,0x0E0C,0x0E0D,0x0E0E,0x005D,0x0021,0x0024,0x002A,0x0029,0x003B,0x00AC,
    0x002D,0x002F,0x0E0F,0x0E10,0x0E11,0x0E12,0x0E13,0x0E14,0x0E15,0x005E,0x00A6,0x002C,0x0025,0x005F,0x003E,0x003F,
    0x0E3F,0x0E4E,0x0E16,0x0E17,0x0E18,0x0E19,0x0E1A,0x0E1B,0x0E1C,0x0060,0x003A,0x0023,0x0040,0x0027,0x003D,0x0022,
    0x0E4F,0x0061,0x0062,0x0063,0x0064,0x0065,0x0066,0x0067,0x0068,0x0069,0x0E1D,0x0E1E,0x0E1F,0x0E20,0x0E21,0x0E22,
    0x0E5A,0x006A,0x006B,0x006C,0x006D,0x006E,0x006F,0x0070,0x0071,0x0072,0x0E23,0x0E24,0x0E25,0x0E26,0x0E27,0x0E28,
    0x0E5B,0x007E,0x0073,0x0074,0x0075,0x0076,0x0077,0x0078,0x0079,0x007A,0x0E29,0x0E2A,0x0E2B,0x0E2C,0x0E2D,0x0E2E,
    0x0E50,0x0E51,0x0E52,0x0E53,0x0E54,0x0E55,0x0E56,0x0E57,0x0E58,0x0E59,0x0E2F,0x0E30,0x0E31,0x0E32,0x0E33,0x0E34,
    0x007B,0x0041,0x0042,0x0043,0x0044,0x0045,0x0046,0x0047,0x0048,0x0049,0x0E49,0x0E35,0x0E36,0x0E37,0x0E38,0x0E39,
    0x007D,0x004A,0x004B,0x004C,0x004D,0x004E,0x004F,0x0050,0x0051,0x0052,0x0E3A,0x0E40,0x0E41,0x0E42,0x0E43,0x0E44,
    0x005C,0x0E4A,0x0053,0x0054,0x0055,0x0056,0x0057,0x0058,0x0059,0x005A,0x0E45,0x0E46,0x0E47,0x0E48,0x0E49,0x0E4A,
    0x0030,0x0031,0x0032,0x0033,0x0034,0x0035,0x0036,0x0037,0x0038,0x0039,0x0E4B,0x0E4C,0x0E4D,0x0E4B,0x0E4C,0x009F
  ]);

const t848 = new Uint16Array([
    0x0000,0x0001,0x0002,0x0003,0x0004,0x0005,0x0006,0x0007,0x0008,0x0009,0x000A,0x000B,0x000C,0x000D,0x000E,0x000F,
    0x0010,0x0011,0x0012,0x0013,0x0014,0x0015,0x0016,0x0017,0x0018,0x0019,0x001C,0x001B,0x007F,0x001D,0x001E,0x001F,
    0x0020,0x0021,0x0022,0x0023,0x0024,0x0025,0x0026,0x0027,0x0028,0x0029,0x002A,0x002B,0x002C,0x002D,0x002E,0x002F,
    0x0030,0x0031,0x0032,0x0033,0x0034,0x0035,0x0036,0x0037,0x0038,0x0039,0x003A,0x003B,0x003C,0x003D,0x003E,0x003F,
    0x0040,0x0041,0x0042,0x0043,0x0044,0x0045,0x0046,0x0047,0x0048,0x0049,0x004A,0x004B,0x004C,0x004D,0x004E,0x004F,
    0x0050,0x0051,0x0052,0x0053,0x0054,0x0055,0x0056,0x0057,0x0058,0x0059,0x005A,0x005B,0x005C,0x005D,0x005E,0x005F,
    0x0060,0x0061,0x0062,0x0063,0x0064,0x0065,0x0066,0x0067,0x0068,0x0069,0x006A,0x006B,0x006C,0x006D,0x006E,0x006F,
    0x0070,0x0071,0x0072,0x0073,0x0074,0x0075,0x0076,0x0077,0x0078,0x0079,0x007A,0x007B,0x007C,0x007D,0x007E,0x001A,
    0x0410,0x0411,0x0412,0x0413,0x0414,0x0415,0x0416,0x0417,0x0418,0x0419,0x041A,0x041B,0x041C,0x041D,0x041E,0x041F,
    0x0420,0x0421,0x0422,0x0423,0x0424,0x0425,0x0426,0x0427,0x0428,0x0429,0x042A,0x042B,0x042C,0x042D,0x042E,0x042F,
    0x0430,0x0431,0x0432,0x0433,0x0434,0x0435,0x0436,0x0437,0x0438,0x0439,0x043A,0x043B,0x043C,0x043D,0x043E,0x043F,
    0x2591,0x2592,0x2593,0x2502,0x2524,0x2561,0x2562,0x2556,0x2555,0x2563,0x2551,0x2557,0x255D,0x255C,0x255B,0x2510,
    0x2514,0x2534,0x252C,0x251C,0x2500,0x253C,0x255E,0x255F,0x255A,0x2554,0x2569,0x2566,0x2560,0x2550,0x256C,0x2567,
    0x2568,0x2564,0x2565,0x2559,0x2558,0x2552,0x2553,0x256B,0x256A,0x2518,0x250C,0x2588,0x2584,0x258C,0x2590,0x2580,
    0x0440,0x0441,0x0442,0x0443,0x0444,0x0445,0x0446,0x0447,0x0448,0x0449,0x044A,0x044B,0x044C,0x044D,0x044E,0x044F,
    0x0401,0x0451,0x0490,0x0491,0x0404,0x0454,0x0406,0x0456,0x0407,0x0457,0x00F7,0x00B1,0x2116,0x20AC,0x25A0,0x00A0
  ]);

const t850 = new Uint16Array([
    0x0000,0x0001,0x0002,0x0003,0x0004,0x0005,0x0006,0x0007,0x0008,0x0009,0x000A,0x000B,0x000C,0x000D,0x000E,0x000F,
    0x0010,0x0011,0x0012,0x0013,0x0014,0x0015,0x0016,0x0017,0x0018,0x0019,0x001C,0x001B,0x007F,0x001D,0x001E,0x001F,
    0x0020,0x0021,0x0022,0x0023,0x0024,0x0025,0x0026,0x0027,0x0028,0x0029,0x002A,0x002B,0x002C,0x002D,0x002E,0x002F,
    0x0030,0x0031,0x0032,0x0033,0x0034,0x0035,0x0036,0x0037,0x0038,0x0039,0x003A,0x003B,0x003C,0x003D,0x003E,0x003F,
    0x0040,0x0041,0x0042,0x0043,0x0044,0x0045,0x0046,0x0047,0x0048,0x0049,0x004A,0x004B,0x004C,0x004D,0x004E,0x004F,
    0x0050,0x0051,0x0052,0x0053,0x0054,0x0055,0x0056,0x0057,0x0058,0x0059,0x005A,0x005B,0x005C,0x005D,0x005E,0x005F,
    0x0060,0x0061,0x0062,0x0063,0x0064,0x0065,0x0066,0x0067,0x0068,0x0069,0x006A,0x006B,0x006C,0x006D,0x006E,0x006F,
    0x0070,0x0071,0x0072,0x0073,0x0074,0x0075,0x0076,0x0077,0x0078,0x0079,0x007A,0x007B,0x007C,0x007D,0x007E,0x001A,
    0x00C7,0x00FC,0x00E9,0x00E2,0x00E4,0x00E0,0x00E5,0x00E7,0x00EA,0x00EB,0x00E8,0x00EF,0x00EE,0x00EC,0x00C4,0x00C5,
    0x00C9,0x00E6,0x00C6,0x00F4,0x00F6,0x00F2,0x00FB,0x00F9,0x00FF,0x00D6,0x00DC,0x00F8,0x00A3,0x00D8,0x00D7,0x0192,
    0x00E1,0x00ED,0x00F3,0x00FA,0x00F1,0x00D1,0x00AA,0x00BA,0x00BF,0x00AE,0x00AC,0x00BD,0x00BC,0x00A1,0x00AB,0x00BB,
    0x2591,0x2592,0x2593,0x2502,0x2524,0x00C1,0x00C2,0x00C0,0x00A9,0x2563,0x2551,0x2557,0x255D,0x00A2,0x00A5,0x2510,
    0x2514,0x2534,0x252C,0x251C,0x2500,0x253C,0x00E3,0x00C3,0x255A,0x2554,0x2569,0x2566,0x2560,0x2550,0x256C,0x00A4,
    0x00F0,0x00D0,0x00CA,0x00CB,0x00C8,0x0131,0x00CD,0x00CE,0x00CF,0x2518,0x250C,0x2588,0x2584,0x00A6,0x00CC,0x2580,
    0x00D3,0x00DF,0x00D4,0x00D2,0x00F5,0x00D5,0x00B5,0x00FE,0x00DE,0x00DA,0x00DB,0x00D9,0x00FD,0x00DD,0x00AF,0x00B4,
    0x00AD,0x00B1,0x2017,0x00BE,0x00B6,0x00A7,0x00F7,0x00B8,0x00B0,0x00A8,0x00B7,0x00B9,0x00B3,0x00B2,0x25A0,0x00A0
  ]);

const t852 = new Uint16Array([
    0x0000,0x0001,0x0002,0x0003,0x0004,0x0005,0x0006,0x0007,0x0008,0x0009,0x000A,0x000B,0x000C,0x000D,0x000E,0x000F,
    0x0010,0x0011,0x0012,0x0013,0x0014,0x0015,0x0016,0x0017,0x0018,0x0019,0x001C,0x001B,0x007F,0x001D,0x001E,0x001F,
    0x0020,0x0021,0x0022,0x0023,0x0024,0x0025,0x0026,0x0027,0x0028,0x0029,0x002A,0x002B,0x002C,0x002D,0x002E,0x002F,
    0x0030,0x0031,0x0032,0x0033,0x0034,0x0035,0x0036,0x0037,0x0038,0x0039,0x003A,0x003B,0x003C,0x003D,0x003E,0x003F,
    0x0040,0x0041,0x0042,0x0043,0x0044,0x0045,0x0046,0x0047,0x0048,0x0049,0x004A,0x004B,0x004C,0x004D,0x004E,0x004F,
    0x0050,0x0051,0x0052,0x0053,0x0054,0x0055,0x0056,0x0057,0x0058,0x0059,0x005A,0x005B,0x005C,0x005D,0x005E,0x005F,
    0x0060,0x0061,0x0062,0x0063,0x0064,0x0065,0x0066,0x0067,0x0068,0x0069,0x006A,0x006B,0x006C,0x006D,0x006E,0x006F,
    0x0070,0x0071,0x0072,0x0073,0x0074,0x0075,0x0076,0x0077,0x0078,0x0079,0x007A,0x007B,0x007C,0x007D,0x007E,0x001A,
    0x00C7,0x00FC,0x00E9,0x00E2,0x00E4,0x016F,0x0107,0x00E7,0x0142,0x00EB,0x0150,0x0151,0x00EE,0x0179,0x00C4,0x0106,
    0x00C9,0x0139,0x013A,0x00F4,0x00F6,0x013D,0x013E,0x015A,0x015B,0x00D6,0x00DC,0x0164,0x0165,0x0141,0x00D7,0x010D,
    0x00E1,0x00ED,0x00F3,0x00FA,0x0104,0x0105,0x017D,0x017E,0x0118,0x0119,0xFFFD,0x017A,0x010C,0x015F,0x00AB,0x00BB,
    0x2591,0x2592,0x2593,0x2502,0x2524,0x00C1,0x00C2,0x011A,0x015E,0x2563,0x2551,0x2557,0x255D,0x017B,0x017C,0x2510,
    0x2514,0x2534,0x252C,0x251C,0x2500,0x253C,0x0102,0x0103,0x255A,0x2554,0x2569,0x2566,0x2560,0x2550,0x256C,0x00A4,
    0x0111,0x0110,0x010E,0x00CB,0x010F,0x0147,0x00CD,0x00CE,0x011B,0x2518,0x250C,0x2588,0x2584,0x0162,0x016E,0x2580,
    0x00D3,0x00DF,0x00D4,0x0143,0x0144,0x0148,0x0160,0x0161,0x0154,0x00DA,0x0155,0x0170,0x00FD,0x00DD,0x0163,0x00B4,
    0x00AD,0x02DD,0x02DB,0x02C7,0x02D8,0x00A7,0x00F7,0x00B8,0x00B0,0x00A8,0x02D9,0x0171,0x0158,0x0159,0x25A0,0x00A0
  ]);

const t855 = new Uint16Array([
    0x0000,0x0001,0x0002,0x0003,0x0004,0x0005,0x0006,0x0007,0x0008,0x0009,0x000A,0x000B,0x000C,0x000D,0x000E,0x000F,
    0x0010,0x0011,0x0012,0x0013,0x0014,0x0015,0x0016,0x0017,0x0018,0x0019,0x001C,0x001B,0x007F,0x001D,0x001E,0x001F,
    0x0020,0x0021,0x0022,0x0023,0x0024,0x0025,0x0026,0x0027,0x0028,0x0029,0x002A,0x002B,0x002C,0x002D,0x002E,0x002F,
    0x0030,0x0031,0x0032,0x0033,0x0034,0x0035,0x0036,0x0037,0x0038,0x0039,0x003A,0x003B,0x003C,0x003D,0x003E,0x003F,
    0x0040,0x0041,0x0042,0x0043,0x0044,0x0045,0x0046,0x0047,0x0048,0x0049,0x004A,0x004B,0x004C,0x004D,0x004E,0x004F,
    0x0050,0x0051,0x0052,0x0053,0x0054,0x0055,0x0056,0x0057,0x0058,0x0059,0x005A,0x005B,0x005C,0x005D,0x005E,0x005F,
    0x0060,0x0061,0x0062,0x0063,0x0064,0x0065,0x0066,0x0067,0x0068,0x0069,0x006A,0x006B,0x006C,0x006D,0x006E,0x006F,
    0x0070,0x0071,0x0072,0x0073,0x0074,0x0075,0x0076,0x0077,0x0078,0x0079,0x007A,0x007B,0x007C,0x007D,0x007E,0x001A,
    0x0452,0x0402,0x0453,0x0403,0x0451,0x0401,0x0454,0x0404,0x0455,0x0405,0x0456,0x0406,0x0457,0x0407,0x0458,0x0408,
    0x0459,0x0409,0x045A,0x040A,0x045B,0x040B,0x045C,0x040C,0x045E,0x040E,0x045F,0x040F,0x044E,0x042E,0x044A,0x042A,
    0x0430,0x0410,0x0431,0x0411,0x0446,0x0426,0x0434,0x0414,0x0435,0x0415,0x0444,0x0424,0x0433,0x0413,0x00AB,0x00BB,
    0x2591,0x2592,0x2593,0x2502,0x2524,0x0445,0x0425,0x0438,0x0418,0x2563,0x2551,0x2557,0x255D,0x0439,0x0419,0x2510,
    0x2514,0x2534,0x252C,0x251C,0x2500,0x253C,0x043A,0x041A,0x255A,0x2554,0x2569,0x2566,0x2560,0x2550,0x256C,0x00A4,
    0x043B,0x041B,0x043C,0x041C,0x043D,0x041D,0x043E,0x041E,0x043F,0x2518,0x250C,0x2588,0x2584,0x041F,0x044F,0x2580,
    0x042F,0x0440,0x0420,0x0441,0x0421,0x0442,0x0422,0x0443,0x0423,0x0436,0x0416,0x0432,0x0412,0x044C,0x042C,0x2116,
    0x00AD,0x044B,0x042B,0x0437,0x0417,0x0448,0x0428,0x044D,0x042D,0x0449,0x0429,0x0447,0x0427,0x00A7,0x25A0,0x00A0
  ]);

const t856 = new Uint16Array([
    0x0000,0x0001,0x0002,0x0003,0x0004,0x0005,0x0006,0x0007,0x0008,0x0009,0x000A,0x000B,0x000C,0x000D,0x000E,0x000F,
    0x0010,0x0011,0x0012,0x0013,0x0014,0x0015,0x0016,0x0017,0x0018,0x0019,0x001C,0x001B,0x007F,0x001D,0x001E,0x001F,
    0x0020,0x0021,0x0022,0x0023,0x0024,0x0025,0x0026,0x0027,0x0028,0x0029,0x002A,0x002B,0x002C,0x002D,0x002E,0x002F,
    0x0030,0x0031,0x0032,0x0033,0x0034,0x0035,0x0036,0x0037,0x0038,0x0039,0x003A,0x003B,0x003C,0x003D,0x003E,0x003F,
    0x0040,0x0041,0x0042,0x0043,0x0044,0x0045,0x0046,0x0047,0x0048,0x0049,0x004A,0x004B,0x004C,0x004D,0x004E,0x004F,
    0x0050,0x0051,0x0052,0x0053,0x0054,0x0055,0x0056,0x0057,0x0058,0x0059,0x005A,0x005B,0x005C,0x005D,0x005E,0x005F,
    0x0060,0x0061,0x0062,0x0063,0x0064,0x0065,0x0066,0x0067,0x0068,0x0069,0x006A,0x006B,0x006C,0x006D,0x006E,0x006F,
    0x0070,0x0071,0x0072,0x0073,0x0074,0x0075,0x0076,0x0077,0x0078,0x0079,0x007A,0x007B,0x007C,0x007D,0x007E,0x001A,
    0x05D0,0x05D1,0x05D2,0x05D3,0x05D4,0x05D5,0x05D6,0x05D7,0x05D8,0x05D9,0x05DA,0x05DB,0x05DC,0x05DD,0x05DE,0x05DF,
    0x05E0,0x05E1,0x05E2,0x05E3,0x05E4,0x05E5,0x05E6,0x05E7,0x05E8,0x05E9,0x05EA,0xFFFD,0x00A3,0xFFFD,0x00D7,0xFFFD,
    0xFFFD,0xFFFD,0xFFFD,0xFFFD,0xFFFD,0xFFFD,0xFFFD,0xFFFD,0xFFFD,0x00AE,0x00AC,0x00BD,0x00BC,0xFFFD,0x00AB,0x00BB,
    0x2591,0x2592,0x2593,0x2502,0x2524,0xFFFD,0xFFFD,0xFFFD,0x00A9,0x2563,0x2551,0x2557,0x255D,0x00A2,0x00A5,0x2510,
    0x2514,0x2534,0x252C,0x251C,0x2500,0x253C,0xFFFD,0xFFFD,0x255A,0x2554,0x2569,0x2566,0x2560,0x2550,0x256C,0x00A4,
    0xFFFD,0xFFFD,0xFFFD,0xFFFD,0xFFFD,0xFFFD,0xFFFD,0xFFFD,0xFFFD,0x2518,0x250C,0x2588,0x2584,0x00A6,0xFFFD,0x2580,
    0xFFFD,0xFFFD,0xFFFD,0xFFFD,0xFFFD,0xFFFD,0x00B5,0xFFFD,0xFFFD,0xFFFD,0xFFFD,0xFFFD,0xFFFD,0xFFFD,0x203E,0x00B4,
    0x00AD,0x00B1,0x2017,0x00BE,0x00B6,0x00A7,0x00F7,0x00B8,0x00B0,0x00A8,0x2022,0x00B9,0x00B3,0x00B2,0x25A0,0x00A0
  ]);

const t858 = new Uint16Array([
    0x0000,0x0001,0x0002,0x0003,0x0004,0x0005,0x0006,0x0007,0x0008,0x0009,0x000A,0x000B,0x000C,0x000D,0x000E,0x000F,
    0x0010,0x0011,0x0012,0x0013,0x0014,0x0015,0x0016,0x0017,0x0018,0x0019,0x001C,0x001B,0x007F,0x001D,0x001E,0x001F,
    0x0020,0x0021,0x0022,0x0023,0x0024,0x0025,0x0026,0x0027,0x0028,0x0029,0x002A,0x002B,0x002C,0x002D,0x002E,0x002F,
    0x0030,0x0031,0x0032,0x0033,0x0034,0x0035,0x0036,0x0037,0x0038,0x0039,0x003A,0x003B,0x003C,0x003D,0x003E,0x003F,
    0x0040,0x0041,0x0042,0x0043,0x0044,0x0045,0x0046,0x0047,0x0048,0x0049,0x004A,0x004B,0x004C,0x004D,0x004E,0x004F,
    0x0050,0x0051,0x0052,0x0053,0x0054,0x0055,0x0056,0x0057,0x0058,0x0059,0x005A,0x005B,0x005C,0x005D,0x005E,0x005F,
    0x0060,0x0061,0x0062,0x0063,0x0064,0x0065,0x0066,0x0067,0x0068,0x0069,0x006A,0x006B,0x006C,0x006D,0x006E,0x006F,
    0x0070,0x0071,0x0072,0x0073,0x0074,0x0075,0x0076,0x0077,0x0078,0x0079,0x007A,0x007B,0x007C,0x007D,0x007E,0x001A,
    0x00C7,0x00FC,0x00E9,0x00E2,0x00E4,0x00E0,0x00E5,0x00E7,0x00EA,0x00EB,0x00E8,0x00EF,0x00EE,0x00EC,0x00C4,0x00C5,
    0x00C9,0x00E6,0x00C6,0x00F4,0x00F6,0x00F2,0x00FB,0x00F9,0x00FF,0x00D6,0x00DC,0x00F8,0x00A3,0x00D8,0x00D7,0x0192,
    0x00E1,0x00ED,0x00F3,0x00FA,0x00F1,0x00D1,0x00AA,0x00BA,0x00BF,0x00AE,0x00AC,0x00BD,0x00BC,0x00A1,0x00AB,0x00BB,
    0x2591,0x2592,0x2593,0x2502,0x2524,0x00C1,0x00C2,0x00C0,0x00A9,0x2563,0x2551,0x2557,0x255D,0x00A2,0x00A5,0x2510,
    0x2514,0x2534,0x252C,0x251C,0x2500,0x253C,0x00E3,0x00C3,0x255A,0x2554,0x2569,0x2566,0x2560,0x2550,0x256C,0x00A4,
    0x00F0,0x00D0,0x00CA,0x00CB,0x00C8,0x20AC,0x00CD,0x00CE,0x00CF,0x2518,0x250C,0x2588,0x2584,0x00A6,0x00CC,0x2580,
    0x00D3,0x00DF,0x00D4,0x00D2,0x00F5,0x00D5,0x00B5,0x00FE,0x00DE,0x00DA,0x00DB,0x00D9,0x00FD,0x00DD,0x00AF,0x00B4,
    0x00AD,0x00B1,0x2017,0x00BE,0x00B6,0x00A7,0x00F7,0x00B8,0x00B0,0x00A8,0x00B7,0x00B9,0x00B3,0x00B2,0x25A0,0x00A0
  ]);

const t859 = new Uint16Array([
    0x0000,0x0001,0x0002,0x0003,0x0004,0x0005,0x0006,0x0007,0x0008,0x0009,0x000A,0x000B,0x000C,0x000D,0x000E,0x000F,
    0x0010,0x0011,0x0012,0x0013,0x0014,0x0015,0x0016,0x0017,0x0018,0x0019,0x001C,0x001B,0x007F,0x001D,0x001E,0x001F,
    0x0020,0x0021,0x0022,0x0023,0x0024,0x0025,0x0026,0x0027,0x0028,0x0029,0x002A,0x002B,0x002C,0x002D,0x002E,0x002F,
    0x0030,0x0031,0x0032,0x0033,0x0034,0x0035,0x0036,0x0037,0x0038,0x0039,0x003A,0x003B,0x003C,0x003D,0x003E,0x003F,
    0x0040,0x0041,0x0042,0x0043,0x0044,0x0045,0x0046,0x0047,0x0048,0x0049,0x004A,0x004B,0x004C,0x004D,0x004E,0x004F,
    0x0050,0x0051,0x0052,0x0053,0x0054,0x0055,0x0056,0x0057,0x0058,0x0059,0x005A,0x005B,0x005C,0x005D,0x005E,0x005F,
    0x0060,0x0061,0x0062,0x0063,0x0064,0x0065,0x0066,0x0067,0x0068,0x0069,0x006A,0x006B,0x006C,0x006D,0x006E,0x006F,
    0x0070,0x0071,0x0072,0x0073,0x0074,0x0075,0x0076,0x0077,0x0078,0x0079,0x007A,0x007B,0x007C,0x007D,0x007E,0x001A,
    0x00C7,0x00FC,0x00E9,0x00E2,0x00E4,0x00E0,0x00E5,0x00E7,0x00EA,0x00EB,0x00E8,0x00EF,0x00EE,0x00EC,0x00C4,0x00C5,
    0x00C9,0x00E6,0x00C6,0x00F4,0x00F6,0x00F2,0x00FB,0x00F9,0x00FF,0x00D6,0x00DC,0x00F8,0x00A3,0x00D8,0x00D7,0x0192,
    0x00E1,0x00ED,0x00F3,0x00FA,0x00F1,0x00D1,0x00AA,0x00BA,0x00BF,0x00AE,0x00AC,0x0153,0x0152,0x00A1,0x00AB,0x00BB,
    0x2591,0x2592,0x2593,0x2502,0x2524,0x00C1,0x00C2,0x00C0,0x00A9,0x2563,0x2551,0x2557,0x255D,0x00A2,0x00A5,0x2510,
    0x2514,0x2534,0x252C,0x251C,0x2500,0x253C,0x00E3,0x00C3,0x255A,0x2554,0x2569,0x2566,0x2560,0x2550,0x256C,0x00A4,
    0x00F0,0x00D0,0x00CA,0x00CB,0x00C8,0x20AC,0x00CD,0x00CE,0x00CF,0x2518,0x250C,0x2588,0x2584,0x0160,0x00CC,0x2580,
    0x00D3,0x00DF,0x00D4,0x00D2,0x00F5,0x00D5,0x00B5,0x00FE,0x00DE,0x00DA,0x00DB,0x00D9,0x00FD,0x00DD,0x00AF,0x017D,
    0x00AD,0x00B1,0xFFFD,0x0178,0x00B6,0x00A7,0x00F7,0x017E,0x00B0,0x0161,0x00B7,0x00B9,0x00B3,0x00B2,0x25A0,0x00A0
  ]);

const t861 = new Uint16Array([
    0x0000,0x0001,0x0002,0x0003,0x0004,0x0005,0x0006,0x0007,0x0008,0x0009,0x000A,0x000B,0x000C,0x000D,0x000E,0x000F,
    0x0010,0x0011,0x0012,0x0013,0x0014,0x0015,0x0016,0x0017,0x0018,0x0019,0x001C,0x001B,0x007F,0x001D,0x001E,0x001F,
    0x0020,0x0021,0x0022,0x0023,0x0024,0x0025,0x0026,0x0027,0x0028,0x0029,0x002A,0x002B,0x002C,0x002D,0x002E,0x002F,
    0x0030,0x0031,0x0032,0x0033,0x0034,0x0035,0x0036,0x0037,0x0038,0x0039,0x003A,0x003B,0x003C,0x003D,0x003E,0x003F,
    0x0040,0x0041,0x0042,0x0043,0x0044,0x0045,0x0046,0x0047,0x0048,0x0049,0x004A,0x004B,0x004C,0x004D,0x004E,0x004F,
    0x0050,0x0051,0x0052,0x0053,0x0054,0x0055,0x0056,0x0057,0x0058,0x0059,0x005A,0x005B,0x005C,0x005D,0x005E,0x005F,
    0x0060,0x0061,0x0062,0x0063,0x0064,0x0065,0x0066,0x0067,0x0068,0x0069,0x006A,0x006B,0x006C,0x006D,0x006E,0x006F,
    0x0070,0x0071,0x0072,0x0073,0x0074,0x0075,0x0076,0x0077,0x0078,0x0079,0x007A,0x007B,0x007C,0x007D,0x007E,0x001A,
    0x00C7,0x00FC,0x00E9,0x00E2,0x00E4,0x00E0,0x00E5,0x00E7,0x00EA,0x00EB,0x00E8,0x00D0,0x00F0,0x00DE,0x00C4,0x00C5,
    0x00C9,0x00E6,0x00C6,0x00F4,0x00F6,0x00FE,0x00FB,0x00DD,0x00FD,0x00D6,0x00DC,0x00F8,0x00A3,0x00D8,0x20A7,0x0192,
    0x00E1,0x00ED,0x00F3,0x00FA,0x00C1,0x00CD,0x00D3,0x00DA,0x00BF,0x2310,0x00AC,0x00BD,0x00BC,0x00A1,0x00AB,0x00BB,
    0x2591,0x2592,0x2593,0x2502,0x2524,0x2561,0x2562,0x2556,0x2555,0x2563,0x2551,0x2557,0x255D,0x255C,0x255B,0x2510,
    0x2514,0x2534,0x252C,0x251C,0x2500,0x253C,0x255E,0x255F,0x255A,0x2554,0x2569,0x2566,0x2560,0x2550,0x256C,0x2567,
    0x2568,0x2564,0x2565,0x2559,0x2558,0x2552,0x2553,0x256B,0x256A,0x2518,0x250C,0x2588,0x2584,0x258C,0x2590,0x2580,
    0x03B1,0x00DF,0x0393,0x03C0,0x03A3,0x03C3,0x03BC,0x03C4,0x03A6,0x0398,0x03A9,0x03B4,0x221E,0x03C6,0x03B5,0x2229,
    0x2261,0x00B1,0x2265,0x2264,0x2320,0x2321,0x00F7,0x2248,0x00B0,0x2219,0x00B7,0x221A,0x207F,0x00B2,0x25A0,0x00A0
  ]);

const t862 = new Uint16Array([
    0x0000,0x0001,0x0002,0x0003,0x0004,0x0005,0x0006,0x0007,0x0008,0x0009,0x000A,0x000B,0x000C,0x000D,0x000E,0x000F,
    0x0010,0x0011,0x0012,0x0013,0x0014,0x0015,0x0016,0x0017,0x0018,0x0019,0x001C,0x001B,0x007F,0x001D,0x001E,0x001F,
    0x0020,0x0021,0x0022,0x0023,0x0024,0x0025,0x0026,0x0027,0x0028,0x0029,0x002A,0x002B,0x002C,0x002D,0x002E,0x002F,
    0x0030,0x0031,0x0032,0x0033,0x0034,0x0035,0x0036,0x0037,0x0038,0x0039,0x003A,0x003B,0x003C,0x003D,0x003E,0x003F,
    0x0040,0x0041,0x0042,0x0043,0x0044,0x0045,0x0046,0x0047,0x0048,0x0049,0x004A,0x004B,0x004C,0x004D,0x004E,0x004F,
    0x0050,0x0051,0x0052,0x0053,0x0054,0x0055,0x0056,0x0057,0x0058,0x0059,0x005A,0x005B,0x005C,0x005D,0x005E,0x005F,
    0x0060,0x0061,0x0062,0x0063,0x0064,0x0065,0x0066,0x0067,0x0068,0x0069,0x006A,0x006B,0x006C,0x006D,0x006E,0x006F,
    0x0070,0x0071,0x0072,0x0073,0x0074,0x0075,0x0076,0x0077,0x0078,0x0079,0x007A,0x007B,0x007C,0x007D,0x007E,0x001A,
    0x05D0,0x05D1,0x05D2,0x05D3,0x05D4,0x05D5,0x05D6,0x05D7,0x05D8,0x05D9,0x05DA,0x05DB,0x05DC,0x05DD,0x05DE,0x05DF,
    0x05E0,0x05E1,0x05E2,0x05E3,0x05E4,0x05E5,0x05E6,0x05E7,0x05E8,0x05E9,0x05EA,0x00A2,0x00A3,0x00A5,0x20A7,0x0192,
    0x00E1,0x00ED,0x00F3,0x00FA,0x00F1,0x00D1,0x00AA,0x00BA,0x00BF,0x2310,0x00AC,0x00BD,0x00BC,0x00A1,0x00AB,0x00BB,
    0x2591,0x2592,0x2593,0x2502,0x2524,0x2561,0x2562,0x2556,0x2555,0x2563,0x2551,0x2557,0x255D,0x255C,0x255B,0x2510,
    0x2514,0x2534,0x252C,0x251C,0x2500,0x253C,0x255E,0x255F,0x255A,0x2554,0x2569,0x2566,0x2560,0x2550,0x256C,0x2567,
    0x2568,0x2564,0x2565,0x2559,0x2558,0x2552,0x2553,0x256B,0x256A,0x2518,0x250C,0x2588,0x2584,0x258C,0x2590,0x2580,
    0x03B1,0x00DF,0x0393,0x03C0,0x03A3,0x03C3,0x03BC,0x03C4,0x03A6,0x0398,0x03A9,0x03B4,0x221E,0x03C6,0x03B5,0x2229,
    0x2261,0x00B1,0x2265,0x2264,0x2320,0x2321,0x00F7,0x2248,0x00B0,0x2219,0x00B7,0x221A,0x207F,0x00B2,0x25A0,0x00A0
  ]);

const t864 = new Uint16Array([
    0x0000,0x0001,0x0002,0x0003,0x0004,0x0005,0x0006,0x0007,0x0008,0x0009,0x000A,0x000B,0x000C,0x000D,0x000E,0x000F,
    0x0010,0x0011,0x0012,0x0013,0x0014,0x0015,0x0016,0x0017,0x0018,0x0019,0x001C,0x001B,0x007F,0x001D,0x001E,0x001F,
    0x0020,0x0021,0x0022,0x0023,0x0024,0x0025,0x0026,0x0027,0x0028,0x0029,0x002A,0x002B,0x002C,0x002D,0x002E,0x002F,
    0x0030,0x0031,0x0032,0x0033,0x0034,0x0035,0x0036,0x0037,0x0038,0x0039,0x003A,0x003B,0x003C,0x003D,0x003E,0x003F,
    0x0040,0x0041,0x0042,0x0043,0x0044,0x0045,0x0046,0x0047,0x0048,0x0049,0x004A,0x004B,0x004C,0x004D,0x004E,0x004F,
    0x0050,0x0051,0x0052,0x0053,0x0054,0x0055,0x0056,0x0057,0x0058,0x0059,0x005A,0x005B,0x005C,0x005D,0x005E,0x005F,
    0x0060,0x0061,0x0062,0x0063,0x0064,0x0065,0x0066,0x0067,0x0068,0x0069,0x006A,0x006B,0x006C,0x006D,0x006E,0x006F,
    0x0070,0x0071,0x0072,0x0073,0x0074,0x0075,0x0076,0x0077,0x0078,0x0079,0x007A,0x007B,0x007C,0x007D,0x007E,0x001A,
    0x00B0,0x00B7,0x2219,0x221A,0x2592,0x2500,0x2502,0x253C,0x2524,0x252C,0x251C,0x2534,0x2510,0x250C,0x2514,0x2518,
    0x03B2,0x221E,0x03C6,0x00B1,0x00BD,0x00BC,0x2248,0x00AB,0x00BB,0xFEF7,0xFEF8,0xFFFD,0xFFFD,0xFEFB,0xFEFC,0x200B,
    0x00A0,0x00AD,0xFE82,0x00A3,0x00A4,0xFE84,0xFFFD,0xFFFD,0xFE8E,0xFE8F,0xFE95,0xFE99,0x060C,0xFE9D,0xFEA1,0xFEA5,
    0x0660,0x0661,0x0662,0x0663,0x0664,0x0665,0x0666,0x0667,0x0668,0x0669,0xFED1,0x061B,0xFEB1,0xFEB5,0xFEB9,0x061F,
    0x00A2,0xFE80,0xFE81,0xFE83,0xFE85,0xFECA,0xFE8B,0xFE8D,0xFE91,0xFE93,0xFE97,0xFE9B,0xFE9F,0xFEA3,0xFEA7,0xFEA9,
    0xFEAB,0xFEAD,0xFEAF,0xFEB3,0xFEB7,0xFEBB,0xFEBF,0xFEC3,0xFEC7,0xFECB,0xFECF,0x00A6,0x00AC,0x00F7,0x00D7,0xFEC9,
    0x0640,0xFED3,0xFED7,0xFEDB,0xFEDF,0xFEE3,0xFEE7,0xFEEB,0xFEED,0xFEEF,0xFEF3,0xFEBD,0xFECC,0xFECE,0xFECD,0xFEE1,
    0xFE7D,0xFE7C,0xFEE5,0xFEE9,0xFEEC,0xFEF0,0xFEF2,0xFED0,0xFED5,0xFEF5,0xFEF6,0xFEDD,0xFED9,0xFEF1,0x25A0,0xFFFD
  ]);

const t866 = new Uint16Array([
    0x0000,0x0001,0x0002,0x0003,0x0004,0x0005,0x0006,0x0007,0x0008,0x0009,0x000A,0x000B,0x000C,0x000D,0x000E,0x000F,
    0x0010,0x0011,0x0012,0x0013,0x0014,0x0015,0x0016,0x0017,0x0018,0x0019,0x001C,0x001B,0x007F,0x001D,0x001E,0x001F,
    0x0020,0x0021,0x0022,0x0023,0x0024,0x0025,0x0026,0x0027,0x0028,0x0029,0x002A,0x002B,0x002C,0x002D,0x002E,0x002F,
    0x0030,0x0031,0x0032,0x0033,0x0034,0x0035,0x0036,0x0037,0x0038,0x0039,0x003A,0x003B,0x003C,0x003D,0x003E,0x003F,
    0x0040,0x0041,0x0042,0x0043,0x0044,0x0045,0x0046,0x0047,0x0048,0x0049,0x004A,0x004B,0x004C,0x004D,0x004E,0x004F,
    0x0050,0x0051,0x0052,0x0053,0x0054,0x0055,0x0056,0x0057,0x0058,0x0059,0x005A,0x005B,0x005C,0x005D,0x005E,0x005F,
    0x0060,0x0061,0x0062,0x0063,0x0064,0x0065,0x0066,0x0067,0x0068,0x0069,0x006A,0x006B,0x006C,0x006D,0x006E,0x006F,
    0x0070,0x0071,0x0072,0x0073,0x0074,0x0075,0x0076,0x0077,0x0078,0x0079,0x007A,0x007B,0x007C,0x007D,0x007E,0x001A,
    0x0410,0x0411,0x0412,0x0413,0x0414,0x0415,0x0416,0x0417,0x0418,0x0419,0x041A,0x041B,0x041C,0x041D,0x041E,0x041F,
    0x0420,0x0421,0x0422,0x0423,0x0424,0x0425,0x0426,0x0427,0x0428,0x0429,0x042A,0x042B,0x042C,0x042D,0x042E,0x042F,
    0x0430,0x0431,0x0432,0x0433,0x0434,0x0435,0x0436,0x0437,0x0438,0x0439,0x043A,0x043B,0x043C,0x043D,0x043E,0x043F,
    0x2591,0x2592,0x2593,0x2502,0x2524,0x2561,0x2562,0x2556,0x2555,0x2563,0x2551,0x2557,0x255D,0x255C,0x255B,0x2510,
    0x2514,0x2534,0x252C,0x251C,0x2500,0x253C,0x255E,0x255F,0x255A,0x2554,0x2569,0x2566,0x2560,0x2550,0x256C,0x2567,
    0x2568,0x2564,0x2565,0x2559,0x2558,0x2552,0x2553,0x256B,0x256A,0x2518,0x250C,0x2588,0x2584,0x258C,0x2590,0x2580,
    0x0440,0x0441,0x0442,0x0443,0x0444,0x0445,0x0446,0x0447,0x0448,0x0449,0x044A,0x044B,0x044C,0x044D,0x044E,0x044F,
    0x0401,0x0451,0x0404,0x0454,0x0407,0x0457,0x040E,0x045E,0x00B0,0x2219,0x00B7,0x221A,0x2116,0x00A4,0x25A0,0x00A0
  ]);

const t867 = new Uint16Array([
    0x0000,0x0001,0x0002,0x0003,0x0004,0x0005,0x0006,0x0007,0x0008,0x0009,0x000A,0x000B,0x000C,0x000D,0x000E,0x000F,
    0x0010,0x0011,0x0012,0x0013,0x0014,0x0015,0x0016,0x0017,0x0018,0x0019,0x001C,0x001B,0x007F,0x001D,0x001E,0x001F,
    0x0020,0x0021,0x0022,0x0023,0x0024,0x0025,0x0026,0x0027,0x0028,0x0029,0x002A,0x002B,0x002C,0x002D,0x002E,0x002F,
    0x0030,0x0031,0x0032,0x0033,0x0034,0x0035,0x0036,0x0037,0x0038,0x0039,0x003A,0x003B,0x003C,0x003D,0x003E,0x003F,
    0x0040,0x0041,0x0042,0x0043,0x0044,0x0045,0x0046,0x0047,0x0048,0x0049,0x004A,0x004B,0x004C,0x004D,0x004E,0x004F,
    0x0050,0x0051,0x0052,0x0053,0x0054,0x0055,0x0056,0x0057,0x0058,0x0059,0x005A,0x005B,0x005C,0x005D,0x005E,0x005F,
    0x0060,0x0061,0x0062,0x0063,0x0064,0x0065,0x0066,0x0067,0x0068,0x0069,0x006A,0x006B,0x006C,0x006D,0x006E,0x006F,
    0x0070,0x0071,0x0072,0x0073,0x0074,0x0075,0x0076,0x0077,0x0078,0x0079,0x007A,0x007B,0x007C,0x007D,0x007E,0x001A,
    0x05D0,0x05D1,0x05D2,0x05D3,0x05D4,0x05D5,0x05D6,0x05D7,0x05D8,0x05D9,0x05DA,0x05DB,0x05DC,0x05DD,0x05DE,0x05DF,
    0x05E0,0x05E1,0x05E2,0x05E3,0x05E4,0x05E5,0x05E6,0x05E7,0x05E8,0x05E9,0x05EA,0x00A2,0x00A3,0x00A5,0xFFFD,0x20AA,
    0x200E,0x200F,0x202A,0x202B,0x202D,0x202E,0x202C,0xFFFD,0xFFFD,0x2310,0x00AC,0x00BD,0x00BC,0x20AC,0x00AB,0x00BB,
    0x2591,0x2592,0x2593,0x2502,0x2524,0x2561,0x2562,0x2556,0x2555,0x2563,0x2551,0x2557,0x255D,0x255C,0x255B,0x2510,
    0x2514,0x2534,0x252C,0x251C,0x2500,0x253C,0x255E,0x255F,0x255A,0x2554,0x2569,0x2566,0x2560,0x2550,0x256C,0x2567,
    0x2568,0x2564,0x2565,0x2559,0x2558,0x2552,0x2553,0x256B,0x256A,0x2518,0x250C,0x2588,0x2584,0x258C,0x2590,0x2580,
    0x03B1,0x00DF,0x0393,0x03C0,0x03A3,0x03C3,0x03BC,0x03C4,0x03A6,0x0398,0x03A9,0x03B4,0x221E,0x03C6,0x03B5,0x2229,
    0x2261,0x00B1,0x2265,0x2264,0x2320,0x2321,0x00F7,0x2248,0x00B0,0x2219,0x00B7,0x221A,0x207F,0x00B2,0x25A0,0x00A0
  ]);

const t869 = new Uint16Array([
    0x0000,0x0001,0x0002,0x0003,0x0004,0x0005,0x0006,0x0007,0x0008,0x0009,0x000A,0x000B,0x000C,0x000D,0x000E,0x000F,
    0x0010,0x0011,0x0012,0x0013,0x0014,0x0015,0x0016,0x0017,0x0018,0x0019,0x001C,0x001B,0x007F,0x001D,0x001E,0x001F,
    0x0020,0x0021,0x0022,0x0023,0x0024,0x0025,0x0026,0x0027,0x0028,0x0029,0x002A,0x002B,0x002C,0x002D,0x002E,0x002F,
    0x0030,0x0031,0x0032,0x0033,0x0034,0x0035,0x0036,0x0037,0x0038,0x0039,0x003A,0x003B,0x003C,0x003D,0x003E,0x003F,
    0x0040,0x0041,0x0042,0x0043,0x0044,0x0045,0x0046,0x0047,0x0048,0x0049,0x004A,0x004B,0x004C,0x004D,0x004E,0x004F,
    0x0050,0x0051,0x0052,0x0053,0x0054,0x0055,0x0056,0x0057,0x0058,0x0059,0x005A,0x005B,0x005C,0x005D,0x005E,0x005F,
    0x0060,0x0061,0x0062,0x0063,0x0064,0x0065,0x0066,0x0067,0x0068,0x0069,0x006A,0x006B,0x006C,0x006D,0x006E,0x006F,
    0x0070,0x0071,0x0072,0x0073,0x0074,0x0075,0x0076,0x0077,0x0078,0x0079,0x007A,0x007B,0x007C,0x007D,0x007E,0x001A,
    0xFFFD,0xFFFD,0xFFFD,0xFFFD,0xFFFD,0xFFFD,0x0386,0xFFFD,0x0387,0x00AC,0x00A6,0x2018,0x2019,0x0388,0x2015,0x0389,
    0x038A,0x03AA,0x038C,0xFFFD,0xFFFD,0x038E,0x03AB,0x00A9,0x038F,0x00B2,0x00B3,0x03AC,0x00A3,0x03AD,0x03AE,0x03AF,
    0x03CA,0x0390,0x03CC,0x03CD,0x0391,0x0392,0x0393,0x0394,0x0395,0x0396,0x0397,0x00BD,0x0398,0x0399,0x00AB,0x00BB,
    0x2591,0x2592,0x2593,0x2502,0x2524,0x039A,0x039B,0x039C,0x039D,0x2563,0x2551,0x2557,0x255D,0x039E,0x039F,0x2510,
    0x2514,0x2534,0x252C,0x251C,0x2500,0x253C,0x03A0,0x03A1,0x255A,0x2554,0x2569,0x2566,0x2560,0x2550,0x256C,0x03A3,
    0x03A4,0x03A5,0x03A6,0x03A7,0x03A8,0x03A9,0x03B1,0x03B2,0x03B3,0x2518,0x250C,0x2588,0x2584,0x03B4,0x03B5,0x2580,
    0x03B6,0x03B7,0x03B8,0x03B9,0x03BA,0x03BB,0x03BC,0x03BD,0x03BE,0x03BF,0x03C0,0x03C1,0x03C3,0x03C2,0x03C4,0x00B4,
    0x00AD,0x00B1,0x03C5,0x03C6,0x03C7,0x00A7,0x03C8,0x0385,0x00B0,0x00A8,0x03C9,0x03CB,0x03B0,0x03CE,0x25A0,0x00A0
  ]);

const t870 = new Uint16Array([
    0x0000,0x0001,0x0002,0x0003,0x009C,0x0009,0x0086,0x007F,0x0097,0x008D,0x008E,0x000B,0x000C,0x000D,0x000E,0x000F,
    0x0010,0x0011,0x0012,0x0013,0x009D,0x0085,0x0008,0x0087,0x0018,0x0019,0x0092,0x008F,0x001C,0x001D,0x001E,0x001F,
    0x0080,0x0081,0x0082,0x0083,0x0084,0x000A,0x0017,0x001B,0x0088,0x0089,0x008A,0x008B,0x008C,0x0005,0x0006,0x0007,
    0x0090,0x0091,0x0016,0x0093,0x0094,0x0095,0x0096,0x0004,0x0098,0x0099,0x009A,0x009B,0x0014,0x0015,0x009E,0x001A,
    0x0020,0x00A0,0x00E2,0x00E4,0x0163,0x00E1,0x0103,0x010D,0x00E7,0x0107,0x005B,0x002E,0x003C,0x0028,0x002B,0x0021,
    0x0026,0x00E9,0x0119,0x00EB,0x016F,0x00ED,0x00EE,0x013E,0x013A,0x00DF,0x005D,0x0024,0x002A,0x0029,0x003B,0x005E,
    0x002D,0x002F,0x00C2,0x00C4,0x02DD,0x00C1,0x0102,0x010C,0x00C7,0x0106,0x007C,0x002C,0x0025,0x005F,0x003E,0x003F,
    0x02C7,0x00C9,0x0118,0x00CB,0x016E,0x00CD,0x00CE,0x013D,0x0139,0x0060,0x003A,0x0023,0x0040,0x0027,0x003D,0x0022,
    0x02D8,0x0061,0x0062,0x0063,0x0064,0x0065,0x0066,0x0067,0x0068,0x0069,0x015B,0x0148,0x0111,0x00FD,0x0159,0x015F,
    0x00B0,0x006A,0x006B,0x006C,0x006D,0x006E,0x006F,0x0070,0x0071,0x0072,0x0142,0x0144,0x0161,0x00B8,0x02DB,0x00A4,
    0x0105,0x007E,0x0073,0x0074,0x0075,0x0076,0x0077,0x0078,0x0079,0x007A,0x015A,0x0147,0x0110,0x00DD,0x0158,0x015E,
    0x02D9,0x0104,0x017C,0x0162,0x017B,0x00A7,0x017E,0x017A,0x017D,0x0179,0x0141,0x0143,0x0160,0x00A8,0x00B4,0x00D7,
    0x007B,0x0041,0x0042,0x0043,0x0044,0x0045,0x0046,0x0047,0x0048,0x0049,0x00AD,0x00F4,0x00F6,0x0155,0x00F3,0x0151,
    0x007D,0x004A,0x004B,0x004C,0x004D,0x004E,0x004F,0x0050,0x0051,0x0052,0x011A,0x0171,0x00FC,0x0165,0x00FA,0x011B,
    0x005C,0x00F7,0x0053,0x0054,0x0055,0x0056,0x0057,0x0058,0x0059,0x005A,0x010F,0x00D4,0x00D6,0x0154,0x00D3,0x0150,
    0x0030,0x0031,0x0032,0x0033,0x0034,0x0035,0x0036,0x0037,0x0038,0x0039,0x010E,0x0170,0x00DC,0x0164,0x00DA,0x009F
  ]);

const t871 = new Uint16Array([
    0x0000,0x0001,0x0002,0x0003,0x009C,0x0009,0x0086,0x007F,0x0097,0x008D,0x008E,0x000B,0x000C,0x000D,0x000E,0x000F,
    0x0010,0x0011,0x0012,0x0013,0x009D,0x0085,0x0008,0x0087,0x0018,0x0019,0x0092,0x008F,0x001C,0x001D,0x001E,0x001F,
    0x0080,0x0081,0x0082,0x0083,0x0084,0x000A,0x0017,0x001B,0x0088,0x0089,0x008A,0x008B,0x008C,0x0005,0x0006,0x0007,
    0x0090,0x0091,0x0016,0x0093,0x0094,0x0095,0x0096,0x0004,0x0098,0x0099,0x009A,0x009B,0x0014,0x0015,0x009E,0x001A,
    0x0020,0x00A0,0x00E2,0x00E4,0x00E0,0x00E1,0x00E3,0x00E5,0x00E7,0x00F1,0x00DE,0x002E,0x003C,0x0028,0x002B,0x0021,
    0x0026,0x00E9,0x00EA,0x00EB,0x00E8,0x00ED,0x00EE,0x00EF,0x00EC,0x00DF,0x00C6,0x0024,0x002A,0x0029,0x003B,0x00D6,
    0x002D,0x002F,0x00C2,0x00C4,0x00C0,0x00C1,0x00C3,0x00C5,0x00C7,0x00D1,0x00A6,0x002C,0x0025,0x005F,0x003E,0x003F,
    0x00F8,0x00C9,0x00CA,0x00CB,0x00C8,0x00CD,0x00CE,0x00CF,0x00CC,0x00F0,0x003A,0x0023,0x00D0,0x0027,0x003D,0x0022,
    0x00D8,0x0061,0x0062,0x0063,0x0064,0x0065,0x0066,0x0067,0x0068,0x0069,0x00AB,0x00BB,0x0060,0x00FD,0x007B,0x00B1,
    0x00B0,0x006A,0x006B,0x006C,0x006D,0x006E,0x006F,0x0070,0x0071,0x0072,0x00AA,0x00BA,0x007D,0x00B8,0x005D,0x00A4,
    0x00B5,0x00F6,0x0073,0x0074,0x0075,0x0076,0x0077,0x0078,0x0079,0x007A,0x00A1,0x00BF,0x0040,0x00DD,0x005B,0x00AE,
    0x00A2,0x00A3,0x00A5,0x00B7,0x00A9,0x00A7,0x00B6,0x00BC,0x00BD,0x00BE,0x00AC,0x007C,0x00AF,0x00A8,0x005C,0x00D7,
    0x00FE,0x0041,0x0042,0x0043,0x0044,0x0045,0x0046,0x0047,0x0048,0x0049,0x00AD,0x00F4,0x007E,0x00F2,0x00F3,0x00F5,
    0x00E6,0x004A,0x004B,0x004C,0x004D,0x004E,0x004F,0x0050,0x0051,0x0052,0x00B9,0x00FB,0x00FC,0x00F9,0x00FA,0x00FF,
    0x00B4,0x00F7,0x0053,0x0054,0x0055,0x0056,0x0057,0x0058,0x0059,0x005A,0x00B2,0x00D4,0x005E,0x00D2,0x00D3,0x00D5,
    0x0030,0x0031,0x0032,0x0033,0x0034,0x0035,0x0036,0x0037,0x0038,0x0039,0x00B3,0x00DB,0x00DC,0x00D9,0x00DA,0x009F
  ]);

const t872 = new Uint16Array([
    0x0000,0x0001,0x0002,0x0003,0x0004,0x0005,0x0006,0x0007,0x0008,0x0009,0x000A,0x000B,0x000C,0x000D,0x000E,0x000F,
    0x0010,0x0011,0x0012,0x0013,0x0014,0x0015,0x0016,0x0017,0x0018,0x0019,0x001C,0x001B,0x007F,0x001D,0x001E,0x001F,
    0x0020,0x0021,0x0022,0x0023,0x0024,0x0025,0x0026,0x0027,0x0028,0x0029,0x002A,0x002B,0x002C,0x002D,0x002E,0x002F,
    0x0030,0x0031,0x0032,0x0033,0x0034,0x0035,0x0036,0x0037,0x0038,0x0039,0x003A,0x003B,0x003C,0x003D,0x003E,0x003F,
    0x0040,0x0041,0x0042,0x0043,0x0044,0x0045,0x0046,0x0047,0x0048,0x0049,0x004A,0x004B,0x004C,0x004D,0x004E,0x004F,
    0x0050,0x0051,0x0052,0x0053,0x0054,0x0055,0x0056,0x0057,0x0058,0x0059,0x005A,0x005B,0x005C,0x005D,0x005E,0x005F,
    0x0060,0x0061,0x0062,0x0063,0x0064,0x0065,0x0066,0x0067,0x0068,0x0069,0x006A,0x006B,0x006C,0x006D,0x006E,0x006F,
    0x0070,0x0071,0x0072,0x0073,0x0074,0x0075,0x0076,0x0077,0x0078,0x0079,0x007A,0x007B,0x007C,0x007D,0x007E,0x001A,
    0x0452,0x0402,0x0453,0x0403,0x0451,0x0401,0x0454,0x0404,0x0455,0x0405,0x0456,0x0406,0x0457,0x0407,0x0458,0x0408,
    0x0459,0x0409,0x045A,0x040A,0x045B,0x040B,0x045C,0x040C,0x045E,0x040E,0x045F,0x040F,0x044E,0x042E,0x044A,0x042A,
    0x0430,0x0410,0x0431,0x0411,0x0446,0x0426,0x0434,0x0414,0x0435,0x0415,0x0444,0x0424,0x0433,0x0413,0x00AB,0x00BB,
    0x2591,0x2592,0x2593,0x2502,0x2524,0x0445,0x0425,0x0438,0x0418,0x2563,0x2551,0x2557,0x255D,0x0439,0x0419,0x2510,
    0x2514,0x2534,0x252C,0x251C,0x2500,0x253C,0x043A,0x041A,0x255A,0x2554,0x2569,0x2566,0x2560,0x2550,0x256C,0x20AC,
    0x043B,0x041B,0x043C,0x041C,0x043D,0x041D,0x043E,0x041E,0x043F,0x2518,0x250C,0x2588,0x2584,0x041F,0x044F,0x2580,
    0x042F,0x0440,0x0420,0x0441,0x0421,0x0442,0x0422,0x0443,0x0423,0x0436,0x0416,0x0432,0x0412,0x044C,0x042C,0x2116,
    0x00AD,0x044B,0x042B,0x0437,0x0417,0x0448,0x0428,0x044D,0x042D,0x0449,0x0429,0x0447,0x0427,0x00A7,0x25A0,0x00A0
  ]);

const t874 = new Uint16Array([
    0x0000,0x0001,0x0002,0x0003,0x0004,0x0005,0x0006,0x0007,0x0008,0x0009,0x000A,0x000B,0x000C,0x000D,0x000E,0x000F,
    0x0010,0x0011,0x0012,0x0013,0x0014,0x0015,0x0016,0x0017,0x0018,0x0019,0x001C,0x001B,0x007F,0x001D,0x001E,0x001F,
    0x0020,0x0021,0x0022,0x0023,0x0024,0x0025,0x0026,0x0027,0x0028,0x0029,0x002A,0x002B,0x002C,0x002D,0x002E,0x002F,
    0x0030,0x0031,0x0032,0x0033,0x0034,0x0035,0x0036,0x0037,0x0038,0x0039,0x003A,0x003B,0x003C,0x003D,0x003E,0x003F,
    0x0040,0x0041,0x0042,0x0043,0x0044,0x0045,0x0046,0x0047,0x0048,0x0049,0x004A,0x004B,0x004C,0x004D,0x004E,0x004F,
    0x0050,0x0051,0x0052,0x0053,0x0054,0x0055,0x0056,0x0057,0x0058,0x0059,0x005A,0x005B,0x005C,0x005D,0x005E,0x005F,
    0x0060,0x0061,0x0062,0x0063,0x0064,0x0065,0x0066,0x0067,0x0068,0x0069,0x006A,0x006B,0x006C,0x006D,0x006E,0x006F,
    0x0070,0x0071,0x0072,0x0073,0x0074,0x0075,0x0076,0x0077,0x0078,0x0079,0x007A,0x007B,0x007C,0x007D,0x007E,0x001A,
    0xFFFD,0xFFFD,0xFFFD,0xFFFD,0xFFFD,0xFFFD,0xFFFD,0xFFFD,0xFFFD,0xFFFD,0xFFFD,0xFFFD,0xFFFD,0xFFFD,0xFFFD,0xFFFD,
    0xFFFD,0xFFFD,0xFFFD,0xFFFD,0xFFFD,0xFFFD,0xFFFD,0xFFFD,0xFFFD,0xFFFD,0xFFFD,0xFFFD,0xFFFD,0xFFFD,0xFFFD,0xFFFD,
    0x0E48,0x0E01,0x0E02,0x0E03,0x0E04,0x0E05,0x0E06,0x0E07,0x0E08,0x0E09,0x0E0A,0x0E0B,0x0E0C,0x0E0D,0x0E0E,0x0E0F,
    0x0E10,0x0E11,0x0E12,0x0E13,0x0E14,0x0E15,0x0E16,0x0E17,0x0E18,0x0E19,0x0E1A,0x0E1B,0x0E1C,0x0E1D,0x0E1E,0x0E1F,
    0x0E20,0x0E21,0x0E22,0x0E23,0x0E24,0x0E25,0x0E26,0x0E27,0x0E28,0x0E29,0x0E2A,0x0E2B,0x0E2C,0x0E2D,0x0E2E,0x0E2F,
    0x0E30,0x0E31,0x0E32,0x0E33,0x0E34,0x0E35,0x0E36,0x0E37,0x0E38,0x0E39,0x0E3A,0x0E49,0x0E4A,0x0E4B,0x0E4C,0x0E3F,
    0x0E40,0x0E41,0x0E42,0x0E43,0x0E44,0x0E45,0x0E46,0x0E47,0x0E48,0x0E49,0x0E4A,0x0E4B,0x0E4C,0x0E4D,0x0E4E,0x0E4F,
    0x0E50,0x0E51,0x0E52,0x0E53,0x0E54,0x0E55,0x0E56,0x0E57,0x0E58,0x0E59,0x0E5A,0x0E5B,0x00A2,0x00AC,0x00A6,0x00A0
  ]);

const t875 = new Uint16Array([
    0x0000,0x0001,0x0002,0x0003,0x009C,0x0009,0x0086,0x007F,0x0097,0x008D,0x008E,0x000B,0x000C,0x000D,0x000E,0x000F,
    0x0010,0x0011,0x0012,0x0013,0x009D,0x0085,0x0008,0x0087,0x0018,0x0019,0x0092,0x008F,0x001C,0x001D,0x001E,0x001F,
    0x0080,0x0081,0x0082,0x0083,0x0084,0x000A,0x0017,0x001B,0x0088,0x0089,0x008A,0x008B,0x008C,0x0005,0x0006,0x0007,
    0x0090,0x0091,0x0016,0x0093,0x0094,0x0095,0x0096,0x0004,0x0098,0x0099,0x009A,0x009B,0x0014,0x0015,0x009E,0x001A,
    0x0020,0x0391,0x0392,0x0393,0x0394,0x0395,0x0396,0x0397,0x0398,0x0399,0x005B,0x002E,0x003C,0x0028,0x002B,0x0021,
    0x0026,0x039A,0x039B,0x039C,0x039D,0x039E,0x039F,0x03A0,0x03A1,0x03A3,0x005D,0x0024,0x002A,0x0029,0x003B,0x005E,
    0x002D,0x002F,0x03A4,0x03A5,0x03A6,0x03A7,0x03A8,0x03A9,0x03AA,0x03AB,0x007C,0x002C,0x0025,0x005F,0x003E,0x003F,
    0x00A8,0x0386,0x0388,0x0389,0x00A0,0x038A,0x038C,0x038E,0x038F,0x0060,0x003A,0x0023,0x0040,0x0027,0x003D,0x0022,
    0x0385,0x0061,0x0062,0x0063,0x0064,0x0065,0x0066,0x0067,0x0068,0x0069,0x03B1,0x03B2,0x03B3,0x03B4,0x03B5,0x03B6,
    0x00B0,0x006A,0x006B,0x006C,0x006D,0x006E,0x006F,0x0070,0x0071,0x0072,0x03B7,0x03B8,0x03B9,0x03BA,0x03BB,0x03BC,
    0x00B4,0x007E,0x0073,0x0074,0x0075,0x0076,0x0077,0x0078,0x0079,0x007A,0x03BD,0x03BE,0x03BF,0x03C0,0x03C1,0x03C3,
    0x00A3,0x03AC,0x03AD,0x03AE,0x03CA,0x03AF,0x03CC,0x03CD,0x03CB,0x03CE,0x03C2,0x03C4,0x03C5,0x03C6,0x03C7,0x03C8,
    0x007B,0x0041,0x0042,0x0043,0x0044,0x0045,0x0046,0x0047,0x0048,0x0049,0x00AD,0x03C9,0x0390,0x03B0,0x2018,0x2015,
    0x007D,0x004A,0x004B,0x004C,0x004D,0x004E,0x004F,0x0050,0x0051,0x0052,0x00B1,0x00BD,0xFFFD,0x0387,0x2019,0x00A6,
    0x005C,0xFFFD,0x0053,0x0054,0x0055,0x0056,0x0057,0x0058,0x0059,0x005A,0x00B2,0x00A7,0xFFFD,0xFFFD,0x00AB,0x00AC,
    0x0030,0x0031,0x0032,0x0033,0x0034,0x0035,0x0036,0x0037,0x0038,0x0039,0x00B3,0x00A9,0xFFFD,0xFFFD,0x00BB,0x009F
  ]);

const t880 = new Uint16Array([
    0x0000,0x0001,0x0002,0x0003,0x009C,0x0009,0x0086,0x007F,0x0097,0x008D,0x008E,0x000B,0x000C,0x000D,0x000E,0x000F,
    0x0010,0x0011,0x0012,0x0013,0x009D,0x0085,0x0008,0x0087,0x0018,0x0019,0x0092,0x008F,0x001C,0x001D,0x001E,0x001F,
    0x0080,0x0081,0x0082,0x0083,0x0084,0x000A,0x0017,0x001B,0x0088,0x0089,0x008A,0x008B,0x008C,0x0005,0x0006,0x0007,
    0x0090,0x0091,0x0016,0x0093,0x0094,0x0095,0x0096,0x0004,0x0098,0x0099,0x009A,0x009B,0x0014,0x0015,0x009E,0x001A,
    0x0020,0x00A0,0x0452,0x0453,0x0451,0x0454,0x0455,0x0456,0x0457,0x0458,0x005B,0x002E,0x003C,0x0028,0x002B,0x0021,
    0x0026,0x0459,0x045A,0x045B,0x045C,0x045E,0x045F,0x042A,0x2116,0x0402,0x005D,0x0024,0x002A,0x0029,0x003B,0x005E,
    0x002D,0x002F,0x0403,0x0401,0x0404,0x0405,0x0406,0x0407,0x0408,0x0409,0x007C,0x002C,0x0025,0x005F,0x003E,0x003F,
    0x040A,0x040B,0x040C,0x00AD,0x040E,0x040F,0x044E,0x0430,0x0431,0x0060,0x003A,0x0023,0x0040,0x0027,0x003D,0x0022,
    0x0446,0x0061,0x0062,0x0063,0x0064,0x0065,0x0066,0x0067,0x0068,0x0069,0x0434,0x0435,0x0444,0x0433,0x0445,0x0438,
    0x0439,0x006A,0x006B,0x006C,0x006D,0x006E,0x006F,0x0070,0x0071,0x0072,0x043A,0x043B,0x043C,0x043D,0x043E,0x043F,
    0x044F,0x007E,0x0073,0x0074,0x0075,0x0076,0x0077,0x0078,0x0079,0x007A,0x0440,0x0441,0x0442,0x0443,0x0436,0x0432,
    0x044C,0x044B,0x0437,0x0448,0x044D,0x0449,0x0447,0x044A,0x042E,0x0410,0x0411,0x0426,0x0414,0x0415,0x0424,0x0413,
    0x007B,0x0041,0x0042,0x0043,0x0044,0x0045,0x0046,0x0047,0x0048,0x0049,0x0425,0x0418,0x0419,0x041A,0x041B,0x041C,
    0x007D,0x004A,0x004B,0x004C,0x004D,0x004E,0x004F,0x0050,0x0051,0x0052,0x041D,0x041E,0x041F,0x042F,0x0420,0x0421,
    0x005C,0x00A4,0x0053,0x0054,0x0055,0x0056,0x0057,0x0058,0x0059,0x005A,0x0422,0x0423,0x0416,0x0412,0x042C,0x042B,
    0x0030,0x0031,0x0032,0x0033,0x0034,0x0035,0x0036,0x0037,0x0038,0x0039,0x0417,0x0428,0x042D,0x0429,0x0427,0x009F
  ]);

const t901 = new Uint16Array([
    0x0000,0x0001,0x0002,0x0003,0x0004,0x0005,0x0006,0x0007,0x0008,0x0009,0x000A,0x000B,0x000C,0x000D,0x000E,0x000F,
    0x0010,0x0011,0x0012,0x0013,0x0014,0x0015,0x0016,0x0017,0x0018,0x0019,0x001A,0x001B,0x001C,0x001D,0x001E,0x001F,
    0x0020,0x0021,0x0022,0x0023,0x0024,0x0025,0x0026,0x0027,0x0028,0x0029,0x002A,0x002B,0x002C,0x002D,0x002E,0x002F,
    0x0030,0x0031,0x0032,0x0033,0x0034,0x0035,0x0036,0x0037,0x0038,0x0039,0x003A,0x003B,0x003C,0x003D,0x003E,0x003F,
    0x0040,0x0041,0x0042,0x0043,0x0044,0x0045,0x0046,0x0047,0x0048,0x0049,0x004A,0x004B,0x004C,0x004D,0x004E,0x004F,
    0x0050,0x0051,0x0052,0x0053,0x0054,0x0055,0x0056,0x0057,0x0058,0x0059,0x005A,0x005B,0x005C,0x005D,0x005E,0x005F,
    0x0060,0x0061,0x0062,0x0063,0x0064,0x0065,0x0066,0x0067,0x0068,0x0069,0x006A,0x006B,0x006C,0x006D,0x006E,0x006F,
    0x0070,0x0071,0x0072,0x0073,0x0074,0x0075,0x0076,0x0077,0x0078,0x0079,0x007A,0x007B,0x007C,0x007D,0x007E,0x007F,
    0x0080,0x0081,0x0082,0x0083,0x0084,0x0085,0x0086,0x0087,0x0088,0x0089,0x008A,0x008B,0x008C,0x008D,0x008E,0x008F,
    0x0090,0x0091,0x0092,0x0093,0x0094,0x0095,0x0096,0x0097,0x0098,0x0099,0x009A,0x009B,0x009C,0x009D,0x009E,0x009F,
    0x00A0,0x201D,0x00A2,0x00A3,0x20AC,0x201E,0x00A6,0x00A7,0x00D8,0x00A9,0x0156,0x00AB,0x00AC,0x00AD,0x00AE,0x00C6,
    0x00B0,0x00B1,0x00B2,0x00B3,0x201C,0x00B5,0x00B6,0x00B7,0x00F8,0x00B9,0x0157,0x00BB,0x00BC,0x00BD,0x00BE,0x00E6,
    0x0104,0x012E,0x0100,0x0106,0x00C4,0x00C5,0x0118,0x0112,0x010C,0x00C9,0x0179,0x0116,0x0122,0x0136,0x012A,0x013B,
    0x0160,0x0143,0x0145,0x00D3,0x014C,0x00D5,0x00D6,0x00D7,0x0172,0x0141,0x015A,0x016A,0x00DC,0x017B,0x017D,0x00DF,
    0x0105,0x012F,0x0101,0x0107,0x00E4,0x00E5,0x0119,0x0113,0x010D,0x00E9,0x017A,0x0117,0x0123,0x0137,0x012B,0x013C,
    0x0161,0x0144,0x0146,0x00F3,0x014D,0x00F5,0x00F6,0x00F7,0x0173,0x0142,0x015B,0x016B,0x00FC,0x017C,0x017E,0x2019
  ]);

const t902 = new Uint16Array([
    0x0000,0x0001,0x0002,0x0003,0x0004,0x0005,0x0006,0x0007,0x0008,0x0009,0x000A,0x000B,0x000C,0x000D,0x000E,0x000F,
    0x0010,0x0011,0x0012,0x0013,0x0014,0x0015,0x0016,0x0017,0x0018,0x0019,0x001A,0x001B,0x001C,0x001D,0x001E,0x001F,
    0x0020,0x0021,0x0022,0x0023,0x0024,0x0025,0x0026,0x0027,0x0028,0x0029,0x002A,0x002B,0x002C,0x002D,0x002E,0x002F,
    0x0030,0x0031,0x0032,0x0033,0x0034,0x0035,0x0036,0x0037,0x0038,0x0039,0x003A,0x003B,0x003C,0x003D,0x003E,0x003F,
    0x0040,0x0041,0x0042,0x0043,0x0044,0x0045,0x0046,0x0047,0x0048,0x0049,0x004A,0x004B,0x004C,0x004D,0x004E,0x004F,
    0x0050,0x0051,0x0052,0x0053,0x0054,0x0055,0x0056,0x0057,0x0058,0x0059,0x005A,0x005B,0x005C,0x005D,0x005E,0x005F,
    0x0060,0x0061,0x0062,0x0063,0x0064,0x0065,0x0066,0x0067,0x0068,0x0069,0x006A,0x006B,0x006C,0x006D,0x006E,0x006F,
    0x0070,0x0071,0x0072,0x0073,0x0074,0x0075,0x0076,0x0077,0x0078,0x0079,0x007A,0x007B,0x007C,0x007D,0x007E,0x007F,
    0x0080,0x0081,0x0082,0x0083,0x0084,0x0085,0x0086,0x0087,0x0088,0x0089,0x008A,0x008B,0x008C,0x008D,0x008E,0x008F,
    0x0090,0x0091,0x0092,0x0093,0x0094,0x0095,0x0096,0x0097,0x0098,0x0099,0x009A,0x009B,0x009C,0x009D,0x009E,0x009F,
    0x00A0,0x00A1,0x00A2,0x00A3,0x20AC,0x00A5,0x00A6,0x00A7,0x00A8,0x00A9,0x00AA,0x00AB,0x00AC,0x00AD,0x00AE,0x00AF,
    0x00B0,0x00B1,0x00B2,0x00B3,0x00B4,0x00B5,0x00B6,0x00B7,0x00B8,0x00B9,0x00BA,0x00BB,0x00BC,0x00BD,0x00BE,0x00BF,
    0x00C0,0x00C1,0x00C2,0x00C3,0x00C4,0x00C5,0x00C6,0x00C7,0x00C8,0x00C9,0x00CA,0x00CB,0x00CC,0x00CD,0x00CE,0x00CF,
    0x0160,0x00D1,0x00D2,0x00D3,0x00D4,0x00D5,0x00D6,0x00D7,0x00D8,0x00D9,0x00DA,0x00DB,0x00DC,0x00DD,0x017D,0x00DF,
    0x00E0,0x00E1,0x00E2,0x00E3,0x00E4,0x00E5,0x00E6,0x00E7,0x00E8,0x00E9,0x00EA,0x00EB,0x00EC,0x00ED,0x00EE,0x00EF,
    0x0161,0x00F1,0x00F2,0x00F3,0x00F4,0x00F5,0x00F6,0x00F7,0x00F8,0x00F9,0x00FA,0x00FB,0x00FC,0x00FD,0x017E,0x00FF
  ]);

const t904 = new Uint16Array([
    0x0000,0x0001,0x0002,0x0003,0x0004,0x0005,0x0006,0x0007,0x0008,0x0009,0x000A,0x000B,0x000C,0x000D,0x000E,0x000F,
    0x0010,0x0011,0x0012,0x0013,0x0014,0x0015,0x0016,0x0017,0x0018,0x0019,0x001C,0x001B,0x007F,0x001D,0x001E,0x001F,
    0x0020,0x0021,0x0022,0x0023,0x0024,0x0025,0x0026,0x0027,0x0028,0x0029,0x002A,0x002B,0x002C,0x002D,0x002E,0x002F,
    0x0030,0x0031,0x0032,0x0033,0x0034,0x0035,0x0036,0x0037,0x0038,0x0039,0x003A,0x003B,0x003C,0x003D,0x003E,0x003F,
    0x0040,0x0041,0x0042,0x0043,0x0044,0x0045,0x0046,0x0047,0x0048,0x0049,0x004A,0x004B,0x004C,0x004D,0x004E,0x004F,
    0x0050,0x0051,0x0052,0x0053,0x0054,0x0055,0x0056,0x0057,0x0058,0x0059,0x005A,0x005B,0x005C,0x005D,0x005E,0x005F,
    0x0060,0x0061,0x0062,0x0063,0x0064,0x0065,0x0066,0x0067,0x0068,0x0069,0x006A,0x006B,0x006C,0x006D,0x006E,0x006F,
    0x0070,0x0071,0x0072,0x0073,0x0074,0x0075,0x0076,0x0077,0x0078,0x0079,0x007A,0x007B,0x007C,0x007D,0x007E,0x001A,
    0xFFFD,0xFFFD,0xFFFD,0xFFFD,0xFFFD,0xFFFD,0xFFFD,0xFFFD,0xFFFD,0xFFFD,0xFFFD,0xFFFD,0xFFFD,0xFFFD,0xFFFD,0xFFFD,
    0xFFFD,0xFFFD,0xFFFD,0xFFFD,0xFFFD,0xFFFD,0xFFFD,0xFFFD,0xFFFD,0xFFFD,0xFFFD,0xFFFD,0xFFFD,0xFFFD,0xFFFD,0xFFFD,
    0xFFFD,0xFFFD,0xFFFD,0xFFFD,0xFFFD,0xFFFD,0xFFFD,0xFFFD,0xFFFD,0xFFFD,0xFFFD,0xFFFD,0xFFFD,0xFFFD,0xFFFD,0xFFFD,
    0xFFFD,0xFFFD,0xFFFD,0xFFFD,0xFFFD,0xFFFD,0xFFFD,0xFFFD,0xFFFD,0xFFFD,0xFFFD,0xFFFD,0xFFFD,0xFFFD,0xFFFD,0xFFFD,
    0xFFFD,0xFFFD,0xFFFD,0xFFFD,0xFFFD,0xFFFD,0xFFFD,0xFFFD,0xFFFD,0xFFFD,0xFFFD,0xFFFD,0xFFFD,0xFFFD,0xFFFD,0xFFFD,
    0xFFFD,0xFFFD,0xFFFD,0xFFFD,0xFFFD,0xFFFD,0xFFFD,0xFFFD,0xFFFD,0xFFFD,0xFFFD,0xFFFD,0xFFFD,0xFFFD,0xFFFD,0xFFFD,
    0xFFFD,0xFFFD,0xFFFD,0xFFFD,0xFFFD,0xFFFD,0xFFFD,0xFFFD,0xFFFD,0xFFFD,0xFFFD,0xFFFD,0xFFFD,0xFFFD,0xFFFD,0xFFFD,
    0xFFFD,0xFFFD,0xFFFD,0xFFFD,0xFFFD,0xFFFD,0xFFFD,0xFFFD,0xFFFD,0xFFFD,0xFFFD,0xFFFD,0xFFFD,0xFFFD,0xFFFD,0xFFFD
  ]);

const t912 = new Uint16Array([
    0x0000,0x0001,0x0002,0x0003,0x0004,0x0005,0x0006,0x0007,0x0008,0x0009,0x000A,0x000B,0x000C,0x000D,0x000E,0x000F,
    0x0010,0x0011,0x0012,0x0013,0x0014,0x0015,0x0016,0x0017,0x0018,0x0019,0x001A,0x001B,0x001C,0x001D,0x001E,0x001F,
    0x0020,0x0021,0x0022,0x0023,0x0024,0x0025,0x0026,0x0027,0x0028,0x0029,0x002A,0x002B,0x002C,0x002D,0x002E,0x002F,
    0x0030,0x0031,0x0032,0x0033,0x0034,0x0035,0x0036,0x0037,0x0038,0x0039,0x003A,0x003B,0x003C,0x003D,0x003E,0x003F,
    0x0040,0x0041,0x0042,0x0043,0x0044,0x0045,0x0046,0x0047,0x0048,0x0049,0x004A,0x004B,0x004C,0x004D,0x004E,0x004F,
    0x0050,0x0051,0x0052,0x0053,0x0054,0x0055,0x0056,0x0057,0x0058,0x0059,0x005A,0x005B,0x005C,0x005D,0x005E,0x005F,
    0x0060,0x0061,0x0062,0x0063,0x0064,0x0065,0x0066,0x0067,0x0068,0x0069,0x006A,0x006B,0x006C,0x006D,0x006E,0x006F,
    0x0070,0x0071,0x0072,0x0073,0x0074,0x0075,0x0076,0x0077,0x0078,0x0079,0x007A,0x007B,0x007C,0x007D,0x007E,0x007F,
    0x0080,0x0081,0x0082,0x0083,0x0084,0x0085,0x0086,0x0087,0x0088,0x0089,0x008A,0x008B,0x008C,0x008D,0x008E,0x008F,
    0x0090,0x0091,0x0092,0x0093,0x0094,0x0095,0x0096,0x0097,0x0098,0x0099,0x009A,0x009B,0x009C,0x009D,0x009E,0x009F,
    0x00A0,0x0104,0x02D8,0x0141,0x00A4,0x013D,0x015A,0x00A7,0x00A8,0x0160,0x015E,0x0164,0x0179,0x00AD,0x017D,0x017B,
    0x00B0,0x0105,0x02DB,0x0142,0x00B4,0x013E,0x015B,0x02C7,0x00B8,0x0161,0x015F,0x0165,0x017A,0x02DD,0x017E,0x017C,
    0x0154,0x00C1,0x00C2,0x0102,0x00C4,0x0139,0x0106,0x00C7,0x010C,0x00C9,0x0118,0x00CB,0x011A,0x00CD,0x00CE,0x010E,
    0x0110,0x0143,0x0147,0x00D3,0x00D4,0x0150,0x00D6,0x00D7,0x0158,0x016E,0x00DA,0x0170,0x00DC,0x00DD,0x0162,0x00DF,
    0x0155,0x00E1,0x00E2,0x0103,0x00E4,0x013A,0x0107,0x00E7,0x010D,0x00E9,0x0119,0x00EB,0x011B,0x00ED,0x00EE,0x010F,
    0x0111,0x0144,0x0148,0x00F3,0x00F4,0x0151,0x00F6,0x00F7,0x0159,0x016F,0x00FA,0x0171,0x00FC,0x00FD,0x0163,0x02D9
  ]);

const t914 = new Uint16Array([
    0x0000,0x0001,0x0002,0x0003,0x0004,0x0005,0x0006,0x0007,0x0008,0x0009,0x000A,0x000B,0x000C,0x000D,0x000E,0x000F,
    0x0010,0x0011,0x0012,0x0013,0x0014,0x0015,0x0016,0x0017,0x0018,0x0019,0x001A,0x001B,0x001C,0x001D,0x001E,0x001F,
    0x0020,0x0021,0x0022,0x0023,0x0024,0x0025,0x0026,0x0027,0x0028,0x0029,0x002A,0x002B,0x002C,0x002D,0x002E,0x002F,
    0x0030,0x0031,0x0032,0x0033,0x0034,0x0035,0x0036,0x0037,0x0038,0x0039,0x003A,0x003B,0x003C,0x003D,0x003E,0x003F,
    0x0040,0x0041,0x0042,0x0043,0x0044,0x0045,0x0046,0x0047,0x0048,0x0049,0x004A,0x004B,0x004C,0x004D,0x004E,0x004F,
    0x0050,0x0051,0x0052,0x0053,0x0054,0x0055,0x0056,0x0057,0x0058,0x0059,0x005A,0x005B,0x005C,0x005D,0x005E,0x005F,
    0x0060,0x0061,0x0062,0x0063,0x0064,0x0065,0x0066,0x0067,0x0068,0x0069,0x006A,0x006B,0x006C,0x006D,0x006E,0x006F,
    0x0070,0x0071,0x0072,0x0073,0x0074,0x0075,0x0076,0x0077,0x0078,0x0079,0x007A,0x007B,0x007C,0x007D,0x007E,0x007F,
    0x0080,0x0081,0x0082,0x0083,0x0084,0x0085,0x0086,0x0087,0x0088,0x0089,0x008A,0x008B,0x008C,0x008D,0x008E,0x008F,
    0x0090,0x0091,0x0092,0x0093,0x0094,0x0095,0x0096,0x0097,0x0098,0x0099,0x009A,0x009B,0x009C,0x009D,0x009E,0x009F,
    0x00A0,0x0104,0x0138,0x0156,0x00A4,0x0128,0x013B,0x00A7,0x00A8,0x0160,0x0112,0x0122,0x0166,0x00AD,0x017D,0x00AF,
    0x00B0,0x0105,0x02DB,0x0157,0x00B4,0x0129,0x013C,0x02C7,0x00B8,0x0161,0x0113,0x0123,0x0167,0x014A,0x017E,0x014B,
    0x0100,0x00C1,0x00C2,0x00C3,0x00C4,0x00C5,0x00C6,0x012E,0x010C,0x00C9,0x0118,0x00CB,0x0116,0x00CD,0x00CE,0x012A,
    0x0110,0x0145,0x014C,0x0136,0x00D4,0x00D5,0x00D6,0x00D7,0x00D8,0x0172,0x00DA,0x00DB,0x00DC,0x0168,0x016A,0x00DF,
    0x0101,0x00E1,0x00E2,0x00E3,0x00E4,0x00E5,0x00E6,0x012F,0x010D,0x00E9,0x0119,0x00EB,0x0117,0x00ED,0x00EE,0x012B,
    0x0111,0x0146,0x014D,0x0137,0x00F4,0x00F5,0x00F6,0x00F7,0x00F8,0x0173,0x00FA,0x00FB,0x00FC,0x0169,0x016B,0x02D9
  ]);

const t915 = new Uint16Array([
    0x0000,0x0001,0x0002,0x0003,0x0004,0x0005,0x0006,0x0007,0x0008,0x0009,0x000A,0x000B,0x000C,0x000D,0x000E,0x000F,
    0x0010,0x0011,0x0012,0x0013,0x0014,0x0015,0x0016,0x0017,0x0018,0x0019,0x001A,0x001B,0x001C,0x001D,0x001E,0x001F,
    0x0020,0x0021,0x0022,0x0023,0x0024,0x0025,0x0026,0x0027,0x0028,0x0029,0x002A,0x002B,0x002C,0x002D,0x002E,0x002F,
    0x0030,0x0031,0x0032,0x0033,0x0034,0x0035,0x0036,0x0037,0x0038,0x0039,0x003A,0x003B,0x003C,0x003D,0x003E,0x003F,
    0x0040,0x0041,0x0042,0x0043,0x0044,0x0045,0x0046,0x0047,0x0048,0x0049,0x004A,0x004B,0x004C,0x004D,0x004E,0x004F,
    0x0050,0x0051,0x0052,0x0053,0x0054,0x0055,0x0056,0x0057,0x0058,0x0059,0x005A,0x005B,0x005C,0x005D,0x005E,0x005F,
    0x0060,0x0061,0x0062,0x0063,0x0064,0x0065,0x0066,0x0067,0x0068,0x0069,0x006A,0x006B,0x006C,0x006D,0x006E,0x006F,
    0x0070,0x0071,0x0072,0x0073,0x0074,0x0075,0x0076,0x0077,0x0078,0x0079,0x007A,0x007B,0x007C,0x007D,0x007E,0x007F,
    0x0080,0x0081,0x0082,0x0083,0x0084,0x0085,0x0086,0x0087,0x0088,0x0089,0x008A,0x008B,0x008C,0x008D,0x008E,0x008F,
    0x0090,0x0091,0x0092,0x0093,0x0094,0x0095,0x0096,0x0097,0x0098,0x0099,0x009A,0x009B,0x009C,0x009D,0x009E,0x009F,
    0x00A0,0x0401,0x0402,0x0403,0x0404,0x0405,0x0406,0x0407,0x0408,0x0409,0x040A,0x040B,0x040C,0x00AD,0x040E,0x040F,
    0x0410,0x0411,0x0412,0x0413,0x0414,0x0415,0x0416,0x0417,0x0418,0x0419,0x041A,0x041B,0x041C,0x041D,0x041E,0x041F,
    0x0420,0x0421,0x0422,0x0423,0x0424,0x0425,0x0426,0x0427,0x0428,0x0429,0x042A,0x042B,0x042C,0x042D,0x042E,0x042F,
    0x0430,0x0431,0x0432,0x0433,0x0434,0x0435,0x0436,0x0437,0x0438,0x0439,0x043A,0x043B,0x043C,0x043D,0x043E,0x043F,
    0x0440,0x0441,0x0442,0x0443,0x0444,0x0445,0x0446,0x0447,0x0448,0x0449,0x044A,0x044B,0x044C,0x044D,0x044E,0x044F,
    0x2116,0x0451,0x0452,0x0453,0x0454,0x0455,0x0456,0x0457,0x0458,0x0459,0x045A,0x045B,0x045C,0x00A7,0x045E,0x045F
  ]);

const t916 = new Uint16Array([
    0x0000,0x0001,0x0002,0x0003,0x0004,0x0005,0x0006,0x0007,0x0008,0x0009,0x000A,0x000B,0x000C,0x000D,0x000E,0x000F,
    0x0010,0x0011,0x0012,0x0013,0x0014,0x0015,0x0016,0x0017,0x0018,0x0019,0x001A,0x001B,0x001C,0x001D,0x001E,0x001F,
    0x0020,0x0021,0x0022,0x0023,0x0024,0x0025,0x0026,0x0027,0x0028,0x0029,0x002A,0x002B,0x002C,0x002D,0x002E,0x002F,
    0x0030,0x0031,0x0032,0x0033,0x0034,0x0035,0x0036,0x0037,0x0038,0x0039,0x003A,0x003B,0x003C,0x003D,0x003E,0x003F,
    0x0040,0x0041,0x0042,0x0043,0x0044,0x0045,0x0046,0x0047,0x0048,0x0049,0x004A,0x004B,0x004C,0x004D,0x004E,0x004F,
    0x0050,0x0051,0x0052,0x0053,0x0054,0x0055,0x0056,0x0057,0x0058,0x0059,0x005A,0x005B,0x005C,0x005D,0x005E,0x005F,
    0x0060,0x0061,0x0062,0x0063,0x0064,0x0065,0x0066,0x0067,0x0068,0x0069,0x006A,0x006B,0x006C,0x006D,0x006E,0x006F,
    0x0070,0x0071,0x0072,0x0073,0x0074,0x0075,0x0076,0x0077,0x0078,0x0079,0x007A,0x007B,0x007C,0x007D,0x007E,0x007F,
    0x0080,0x0081,0x0082,0x0083,0x0084,0x0085,0x0086,0x0087,0x0088,0x0089,0x008A,0x008B,0x008C,0x008D,0x008E,0x008F,
    0x0090,0x0091,0x0092,0x0093,0x0094,0x0095,0x0096,0x0097,0x0098,0x0099,0x009A,0x009B,0x009C,0x009D,0x009E,0x009F,
    0x00A0,0xFFFD,0x00A2,0x00A3,0x00A4,0x00A5,0x00A6,0x00A7,0x00A8,0x00A9,0x00D7,0x00AB,0x00AC,0x00AD,0x00AE,0x203E,
    0x00B0,0x00B1,0x00B2,0x00B3,0x00B4,0x00B5,0x00B6,0x2022,0x00B8,0x00B9,0x00F7,0x00BB,0x00BC,0x00BD,0x00BE,0xFFFD,
    0xFFFD,0xFFFD,0xFFFD,0xFFFD,0xFFFD,0xFFFD,0xFFFD,0xFFFD,0xFFFD,0xFFFD,0xFFFD,0xFFFD,0xFFFD,0xFFFD,0xFFFD,0xFFFD,
    0xFFFD,0xFFFD,0xFFFD,0xFFFD,0xFFFD,0xFFFD,0xFFFD,0xFFFD,0xFFFD,0xFFFD,0xFFFD,0xFFFD,0xFFFD,0xFFFD,0xFFFD,0x2017,
    0x05D0,0x05D1,0x05D2,0x05D3,0x05D4,0x05D5,0x05D6,0x05D7,0x05D8,0x05D9,0x05DA,0x05DB,0x05DC,0x05DD,0x05DE,0x05DF,
    0x05E0,0x05E1,0x05E2,0x05E3,0x05E4,0x05E5,0x05E6,0x05E7,0x05E8,0x05E9,0x05EA,0xFFFD,0xFFFD,0xFFFD,0xFFFD,0xFFFD
  ]);

const t920 = new Uint16Array([
    0x0000,0x0001,0x0002,0x0003,0x0004,0x0005,0x0006,0x0007,0x0008,0x0009,0x000A,0x000B,0x000C,0x000D,0x000E,0x000F,
    0x0010,0x0011,0x0012,0x0013,0x0014,0x0015,0x0016,0x0017,0x0018,0x0019,0x001A,0x001B,0x001C,0x001D,0x001E,0x001F,
    0x0020,0x0021,0x0022,0x0023,0x0024,0x0025,0x0026,0x0027,0x0028,0x0029,0x002A,0x002B,0x002C,0x002D,0x002E,0x002F,
    0x0030,0x0031,0x0032,0x0033,0x0034,0x0035,0x0036,0x0037,0x0038,0x0039,0x003A,0x003B,0x003C,0x003D,0x003E,0x003F,
    0x0040,0x0041,0x0042,0x0043,0x0044,0x0045,0x0046,0x0047,0x0048,0x0049,0x004A,0x004B,0x004C,0x004D,0x004E,0x004F,
    0x0050,0x0051,0x0052,0x0053,0x0054,0x0055,0x0056,0x0057,0x0058,0x0059,0x005A,0x005B,0x005C,0x005D,0x005E,0x005F,
    0x0060,0x0061,0x0062,0x0063,0x0064,0x0065,0x0066,0x0067,0x0068,0x0069,0x006A,0x006B,0x006C,0x006D,0x006E,0x006F,
    0x0070,0x0071,0x0072,0x0073,0x0074,0x0075,0x0076,0x0077,0x0078,0x0079,0x007A,0x007B,0x007C,0x007D,0x007E,0x007F,
    0x0080,0x0081,0x0082,0x0083,0x0084,0x0085,0x0086,0x0087,0x0088,0x0089,0x008A,0x008B,0x008C,0x008D,0x008E,0x008F,
    0x0090,0x0091,0x0092,0x0093,0x0094,0x0095,0x0096,0x0097,0x0098,0x0099,0x009A,0x009B,0x009C,0x009D,0x009E,0x009F,
    0x00A0,0x00A1,0x00A2,0x00A3,0x00A4,0x00A5,0x00A6,0x00A7,0x00A8,0x00A9,0x00AA,0x00AB,0x00AC,0x00AD,0x00AE,0x00AF,
    0x00B0,0x00B1,0x00B2,0x00B3,0x00B4,0x00B5,0x00B6,0x00B7,0x00B8,0x00B9,0x00BA,0x00BB,0x00BC,0x00BD,0x00BE,0x00BF,
    0x00C0,0x00C1,0x00C2,0x00C3,0x00C4,0x00C5,0x00C6,0x00C7,0x00C8,0x00C9,0x00CA,0x00CB,0x00CC,0x00CD,0x00CE,0x00CF,
    0x011E,0x00D1,0x00D2,0x00D3,0x00D4,0x00D5,0x00D6,0x00D7,0x00D8,0x00D9,0x00DA,0x00DB,0x00DC,0x0130,0x015E,0x00DF,
    0x00E0,0x00E1,0x00E2,0x00E3,0x00E4,0x00E5,0x00E6,0x00E7,0x00E8,0x00E9,0x00EA,0x00EB,0x00EC,0x00ED,0x00EE,0x00EF,
    0x011F,0x00F1,0x00F2,0x00F3,0x00F4,0x00F5,0x00F6,0x00F7,0x00F8,0x00F9,0x00FA,0x00FB,0x00FC,0x0131,0x015F,0x00FF
  ]);

const t921 = new Uint16Array([
    0x0000,0x0001,0x0002,0x0003,0x0004,0x0005,0x0006,0x0007,0x0008,0x0009,0x000A,0x000B,0x000C,0x000D,0x000E,0x000F,
    0x0010,0x0011,0x0012,0x0013,0x0014,0x0015,0x0016,0x0017,0x0018,0x0019,0x001A,0x001B,0x001C,0x001D,0x001E,0x001F,
    0x0020,0x0021,0x0022,0x0023,0x0024,0x0025,0x0026,0x0027,0x0028,0x0029,0x002A,0x002B,0x002C,0x002D,0x002E,0x002F,
    0x0030,0x0031,0x0032,0x0033,0x0034,0x0035,0x0036,0x0037,0x0038,0x0039,0x003A,0x003B,0x003C,0x003D,0x003E,0x003F,
    0x0040,0x0041,0x0042,0x0043,0x0044,0x0045,0x0046,0x0047,0x0048,0x0049,0x004A,0x004B,0x004C,0x004D,0x004E,0x004F,
    0x0050,0x0051,0x0052,0x0053,0x0054,0x0055,0x0056,0x0057,0x0058,0x0059,0x005A,0x005B,0x005C,0x005D,0x005E,0x005F,
    0x0060,0x0061,0x0062,0x0063,0x0064,0x0065,0x0066,0x0067,0x0068,0x0069,0x006A,0x006B,0x006C,0x006D,0x006E,0x006F,
    0x0070,0x0071,0x0072,0x0073,0x0074,0x0075,0x0076,0x0077,0x0078,0x0079,0x007A,0x007B,0x007C,0x007D,0x007E,0x007F,
    0x0080,0x0081,0x0082,0x0083,0x0084,0x0085,0x0086,0x0087,0x0088,0x0089,0x008A,0x008B,0x008C,0x008D,0x008E,0x008F,
    0x0090,0x0091,0x0092,0x0093,0x0094,0x0095,0x0096,0x0097,0x0098,0x0099,0x009A,0x009B,0x009C,0x009D,0x009E,0x009F,
    0x00A0,0x201D,0x00A2,0x00A3,0x00A4,0x201E,0x00A6,0x00A7,0x00D8,0x00A9,0x0156,0x00AB,0x00AC,0x00AD,0x00AE,0x00C6,
    0x00B0,0x00B1,0x00B2,0x00B3,0x201C,0x00B5,0x00B6,0x00B7,0x00F8,0x00B9,0x0157,0x00BB,0x00BC,0x00BD,0x00BE,0x00E6,
    0x0104,0x012E,0x0100,0x0106,0x00C4,0x00C5,0x0118,0x0112,0x010C,0x00C9,0x0179,0x0116,0x0122,0x0136,0x012A,0x013B,
    0x0160,0x0143,0x0145,0x00D3,0x014C,0x00D5,0x00D6,0x00D7,0x0172,0x0141,0x015A,0x016A,0x00DC,0x017B,0x017D,0x00DF,
    0x0105,0x012F,0x0101,0x0107,0x00E4,0x00E5,0x0119,0x0113,0x010D,0x00E9,0x017A,0x0117,0x0123,0x0137,0x012B,0x013C,
    0x0161,0x0144,0x0146,0x00F3,0x014D,0x00F5,0x00F6,0x00F7,0x0173,0x0142,0x015B,0x016B,0x00FC,0x017C,0x017E,0x2019
  ]);

const t922 = new Uint16Array([
    0x0000,0x0001,0x0002,0x0003,0x0004,0x0005,0x0006,0x0007,0x0008,0x0009,0x000A,0x000B,0x000C,0x000D,0x000E,0x000F,
    0x0010,0x0011,0x0012,0x0013,0x0014,0x0015,0x0016,0x0017,0x0018,0x0019,0x001A,0x001B,0x001C,0x001D,0x001E,0x001F,
    0x0020,0x0021,0x0022,0x0023,0x0024,0x0025,0x0026,0x0027,0x0028,0x0029,0x002A,0x002B,0x002C,0x002D,0x002E,0x002F,
    0x0030,0x0031,0x0032,0x0033,0x0034,0x0035,0x0036,0x0037,0x0038,0x0039,0x003A,0x003B,0x003C,0x003D,0x003E,0x003F,
    0x0040,0x0041,0x0042,0x0043,0x0044,0x0045,0x0046,0x0047,0x0048,0x0049,0x004A,0x004B,0x004C,0x004D,0x004E,0x004F,
    0x0050,0x0051,0x0052,0x0053,0x0054,0x0055,0x0056,0x0057,0x0058,0x0059,0x005A,0x005B,0x005C,0x005D,0x005E,0x005F,
    0x0060,0x0061,0x0062,0x0063,0x0064,0x0065,0x0066,0x0067,0x0068,0x0069,0x006A,0x006B,0x006C,0x006D,0x006E,0x006F,
    0x0070,0x0071,0x0072,0x0073,0x0074,0x0075,0x0076,0x0077,0x0078,0x0079,0x007A,0x007B,0x007C,0x007D,0x007E,0x007F,
    0x0080,0x0081,0x0082,0x0083,0x0084,0x0085,0x0086,0x0087,0x0088,0x0089,0x008A,0x008B,0x008C,0x008D,0x008E,0x008F,
    0x0090,0x0091,0x0092,0x0093,0x0094,0x0095,0x0096,0x0097,0x0098,0x0099,0x009A,0x009B,0x009C,0x009D,0x009E,0x009F,
    0x00A0,0x00A1,0x00A2,0x00A3,0x00A4,0x00A5,0x00A6,0x00A7,0x00A8,0x00A9,0x00AA,0x00AB,0x00AC,0x00AD,0x00AE,0x00AF,
    0x00B0,0x00B1,0x00B2,0x00B3,0x00B4,0x00B5,0x00B6,0x00B7,0x00B8,0x00B9,0x00BA,0x00BB,0x00BC,0x00BD,0x00BE,0x00BF,
    0x00C0,0x00C1,0x00C2,0x00C3,0x00C4,0x00C5,0x00C6,0x00C7,0x00C8,0x00C9,0x00CA,0x00CB,0x00CC,0x00CD,0x00CE,0x00CF,
    0x0160,0x00D1,0x00D2,0x00D3,0x00D4,0x00D5,0x00D6,0x00D7,0x00D8,0x00D9,0x00DA,0x00DB,0x00DC,0x00DD,0x017D,0x00DF,
    0x00E0,0x00E1,0x00E2,0x00E3,0x00E4,0x00E5,0x00E6,0x00E7,0x00E8,0x00E9,0x00EA,0x00EB,0x00EC,0x00ED,0x00EE,0x00EF,
    0x0161,0x00F1,0x00F2,0x00F3,0x00F4,0x00F5,0x00F6,0x00F7,0x00F8,0x00F9,0x00FA,0x00FB,0x00FC,0x00FD,0x017E,0x00FF
  ]);

const t923 = new Uint16Array([
    0x0000,0x0001,0x0002,0x0003,0x0004,0x0005,0x0006,0x0007,0x0008,0x0009,0x000A,0x000B,0x000C,0x000D,0x000E,0x000F,
    0x0010,0x0011,0x0012,0x0013,0x0014,0x0015,0x0016,0x0017,0x0018,0x0019,0x001A,0x001B,0x001C,0x001D,0x001E,0x001F,
    0x0020,0x0021,0x0022,0x0023,0x0024,0x0025,0x0026,0x0027,0x0028,0x0029,0x002A,0x002B,0x002C,0x002D,0x002E,0x002F,
    0x0030,0x0031,0x0032,0x0033,0x0034,0x0035,0x0036,0x0037,0x0038,0x0039,0x003A,0x003B,0x003C,0x003D,0x003E,0x003F,
    0x0040,0x0041,0x0042,0x0043,0x0044,0x0045,0x0046,0x0047,0x0048,0x0049,0x004A,0x004B,0x004C,0x004D,0x004E,0x004F,
    0x0050,0x0051,0x0052,0x0053,0x0054,0x0055,0x0056,0x0057,0x0058,0x0059,0x005A,0x005B,0x005C,0x005D,0x005E,0x005F,
    0x0060,0x0061,0x0062,0x0063,0x0064,0x0065,0x0066,0x0067,0x0068,0x0069,0x006A,0x006B,0x006C,0x006D,0x006E,0x006F,
    0x0070,0x0071,0x0072,0x0073,0x0074,0x0075,0x0076,0x0077,0x0078,0x0079,0x007A,0x007B,0x007C,0x007D,0x007E,0x007F,
    0x0080,0x0081,0x0082,0x0083,0x0084,0x0085,0x0086,0x0087,0x0088,0x0089,0x008A,0x008B,0x008C,0x008D,0x008E,0x008F,
    0x0090,0x0091,0x0092,0x0093,0x0094,0x0095,0x0096,0x0097,0x0098,0x0099,0x009A,0x009B,0x009C,0x009D,0x009E,0x009F,
    0x00A0,0x00A1,0x00A2,0x00A3,0x20AC,0x00A5,0x0160,0x00A7,0x0161,0x00A9,0x00AA,0x00AB,0x00AC,0x00AD,0x00AE,0x00AF,
    0x00B0,0x00B1,0x00B2,0x00B3,0x017D,0x00B5,0x00B6,0x00B7,0x017E,0x00B9,0x00BA,0x00BB,0x0152,0x0153,0x0178,0x00BF,
    0x00C0,0x00C1,0x00C2,0x00C3,0x00C4,0x00C5,0x00C6,0x00C7,0x00C8,0x00C9,0x00CA,0x00CB,0x00CC,0x00CD,0x00CE,0x00CF,
    0x00D0,0x00D1,0x00D2,0x00D3,0x00D4,0x00D5,0x00D6,0x00D7,0x00D8,0x00D9,0x00DA,0x00DB,0x00DC,0x00DD,0x00DE,0x00DF,
    0x00E0,0x00E1,0x00E2,0x00E3,0x00E4,0x00E5,0x00E6,0x00E7,0x00E8,0x00E9,0x00EA,0x00EB,0x00EC,0x00ED,0x00EE,0x00EF,
    0x00F0,0x00F1,0x00F2,0x00F3,0x00F4,0x00F5,0x00F6,0x00F7,0x00F8,0x00F9,0x00FA,0x00FB,0x00FC,0x00FD,0x00FE,0x00FF
  ]);

const t924 = new Uint16Array([
    0x0000,0x0001,0x0002,0x0003,0x009C,0x0009,0x0086,0x007F,0x0097,0x008D,0x008E,0x000B,0x000C,0x000D,0x000E,0x000F,
    0x0010,0x0011,0x0012,0x0013,0x009D,0x0085,0x0008,0x0087,0x0018,0x0019,0x0092,0x008F,0x001C,0x001D,0x001E,0x001F,
    0x0080,0x0081,0x0082,0x0083,0x0084,0x000A,0x0017,0x001B,0x0088,0x0089,0x008A,0x008B,0x008C,0x0005,0x0006,0x0007,
    0x0090,0x0091,0x0016,0x0093,0x0094,0x0095,0x0096,0x0004,0x0098,0x0099,0x009A,0x009B,0x0014,0x0015,0x009E,0x001A,
    0x0020,0x00A0,0x00E2,0x00E4,0x00E0,0x00E1,0x00E3,0x00E5,0x00E7,0x00F1,0x00DD,0x002E,0x003C,0x0028,0x002B,0x007C,
    0x0026,0x00E9,0x00EA,0x00EB,0x00E8,0x00ED,0x00EE,0x00EF,0x00EC,0x00DF,0x0021,0x0024,0x002A,0x0029,0x003B,0x005E,
    0x002D,0x002F,0x00C2,0x00C4,0x00C0,0x00C1,0x00C3,0x00C5,0x00C7,0x00D1,0x0160,0x002C,0x0025,0x005F,0x003E,0x003F,
    0x00F8,0x00C9,0x00CA,0x00CB,0x00C8,0x00CD,0x00CE,0x00CF,0x00CC,0x0060,0x003A,0x0023,0x0040,0x0027,0x003D,0x0022,
    0x00D8,0x0061,0x0062,0x0063,0x0064,0x0065,0x0066,0x0067,0x0068,0x0069,0x00AB,0x00BB,0x00F0,0x00FD,0x00FE,0x00B1,
    0x00B0,0x006A,0x006B,0x006C,0x006D,0x006E,0x006F,0x0070,0x0071,0x0072,0x00AA,0x00BA,0x00E6,0x017E,0x00C6,0x20AC,
    0x00B5,0x007E,0x0073,0x0074,0x0075,0x0076,0x0077,0x0078,0x0079,0x007A,0x00A1,0x00BF,0x00D0,0x005B,0x00DE,0x00AE,
    0x00A2,0x00A3,0x00A5,0x00B7,0x00A9,0x00A7,0x00B6,0x0152,0x0153,0x0178,0x00AC,0x0161,0x00AF,0x005D,0x017D,0x00D7,
    0x007B,0x0041,0x0042,0x0043,0x0044,0x0045,0x0046,0x0047,0x0048,0x0049,0x00AD,0x00F4,0x00F6,0x00F2,0x00F3,0x00F5,
    0x007D,0x004A,0x004B,0x004C,0x004D,0x004E,0x004F,0x0050,0x0051,0x0052,0x00B9,0x00FB,0x00FC,0x00F9,0x00FA,0x00FF,
    0x005C,0x00F7,0x0053,0x0054,0x0055,0x0056,0x0057,0x0058,0x0059,0x005A,0x00B2,0x00D4,0x00D6,0x00D2,0x00D3,0x00D5,
    0x0030,0x0031,0x0032,0x0033,0x0034,0x0035,0x0036,0x0037,0x0038,0x0039,0x00B3,0x00DB,0x00DC,0x00D9,0x00DA,0x009F
  ]);

const t1025 = new Uint16Array([
    0x0000,0x0001,0x0002,0x0003,0x009C,0x0009,0x0086,0x007F,0x0097,0x008D,0x008E,0x000B,0x000C,0x000D,0x000E,0x000F,
    0x0010,0x0011,0x0012,0x0013,0x009D,0x0085,0x0008,0x0087,0x0018,0x0019,0x0092,0x008F,0x001C,0x001D,0x001E,0x001F,
    0x0080,0x0081,0x0082,0x0083,0x0084,0x000A,0x0017,0x001B,0x0088,0x0089,0x008A,0x008B,0x008C,0x0005,0x0006,0x0007,
    0x0090,0x0091,0x0016,0x0093,0x0094,0x0095,0x0096,0x0004,0x0098,0x0099,0x009A,0x009B,0x0014,0x0015,0x009E,0x001A,
    0x0020,0x00A0,0x0452,0x0453,0x0451,0x0454,0x0455,0x0456,0x0457,0x0458,0x005B,0x002E,0x003C,0x0028,0x002B,0x0021,
    0x0026,0x0459,0x045A,0x045B,0x045C,0x045E,0x045F,0x042A,0x2116,0x0402,0x005D,0x0024,0x002A,0x0029,0x003B,0x005E,
    0x002D,0x002F,0x0403,0x0401,0x0404,0x0405,0x0406,0x0407,0x0408,0x0409,0x007C,0x002C,0x0025,0x005F,0x003E,0x003F,
    0x040A,0x040B,0x040C,0x00AD,0x040E,0x040F,0x044E,0x0430,0x0431,0x0060,0x003A,0x0023,0x0040,0x0027,0x003D,0x0022,
    0x0446,0x0061,0x0062,0x0063,0x0064,0x0065,0x0066,0x0067,0x0068,0x0069,0x0434,0x0435,0x0444,0x0433,0x0445,0x0438,
    0x0439,0x006A,0x006B,0x006C,0x006D,0x006E,0x006F,0x0070,0x0071,0x0072,0x043A,0x043B,0x043C,0x043D,0x043E,0x043F,
    0x044F,0x007E,0x0073,0x0074,0x0075,0x0076,0x0077,0x0078,0x0079,0x007A,0x0440,0x0441,0x0442,0x0443,0x0436,0x0432,
    0x044C,0x044B,0x0437,0x0448,0x044D,0x0449,0x0447,0x044A,0x042E,0x0410,0x0411,0x0426,0x0414,0x0415,0x0424,0x0413,
    0x007B,0x0041,0x0042,0x0043,0x0044,0x0045,0x0046,0x0047,0x0048,0x0049,0x0425,0x0418,0x0419,0x041A,0x041B,0x041C,
    0x007D,0x004A,0x004B,0x004C,0x004D,0x004E,0x004F,0x0050,0x0051,0x0052,0x041D,0x041E,0x041F,0x042F,0x0420,0x0421,
    0x005C,0x00A7,0x0053,0x0054,0x0055,0x0056,0x0057,0x0058,0x0059,0x005A,0x0422,0x0423,0x0416,0x0412,0x042C,0x042B,
    0x0030,0x0031,0x0032,0x0033,0x0034,0x0035,0x0036,0x0037,0x0038,0x0039,0x0417,0x0428,0x042D,0x0429,0x0427,0x009F
  ]);

const t1026 = new Uint16Array([
    0x0000,0x0001,0x0002,0x0003,0x009C,0x0009,0x0086,0x007F,0x0097,0x008D,0x008E,0x000B,0x000C,0x000D,0x000E,0x000F,
    0x0010,0x0011,0x0012,0x0013,0x009D,0x0085,0x0008,0x0087,0x0018,0x0019,0x0092,0x008F,0x001C,0x001D,0x001E,0x001F,
    0x0080,0x0081,0x0082,0x0083,0x0084,0x000A,0x0017,0x001B,0x0088,0x0089,0x008A,0x008B,0x008C,0x0005,0x0006,0x0007,
    0x0090,0x0091,0x0016,0x0093,0x0094,0x0095,0x0096,0x0004,0x0098,0x0099,0x009A,0x009B,0x0014,0x0015,0x009E,0x001A,
    0x0020,0x00A0,0x00E2,0x00E4,0x00E0,0x00E1,0x00E3,0x00E5,0x007B,0x00F1,0x00C7,0x002E,0x003C,0x0028,0x002B,0x0021,
    0x0026,0x00E9,0x00EA,0x00EB,0x00E8,0x00ED,0x00EE,0x00EF,0x00EC,0x00DF,0x011E,0x0130,0x002A,0x0029,0x003B,0x005E,
    0x002D,0x002F,0x00C2,0x00C4,0x00C0,0x00C1,0x00C3,0x00C5,0x005B,0x00D1,0x015F,0x002C,0x0025,0x005F,0x003E,0x003F,
    0x00F8,0x00C9,0x00CA,0x00CB,0x00C8,0x00CD,0x00CE,0x00CF,0x00CC,0x0131,0x003A,0x00D6,0x015E,0x0027,0x003D,0x00DC,
    0x00D8,0x0061,0x0062,0x0063,0x0064,0x0065,0x0066,0x0067,0x0068,0x0069,0x00AB,0x00BB,0x007D,0x0060,0x00A6,0x00B1,
    0x00B0,0x006A,0x006B,0x006C,0x006D,0x006E,0x006F,0x0070,0x0071,0x0072,0x20BA,0x00BA,0x00E6,0x00B8,0x00C6,0x00A4,
    0x00B5,0x00F6,0x0073,0x0074,0x0075,0x0076,0x0077,0x0078,0x0079,0x007A,0x00A1,0x00BF,0x005D,0x0024,0x0040,0x00AE,
    0x00A2,0x00A3,0x00A5,0x00B7,0x00A9,0x00A7,0x00B6,0x00BC,0x00BD,0x00BE,0x00AC,0x007C,0x00AF,0x00A8,0x00B4,0x00D7,
    0x00E7,0x0041,0x0042,0x0043,0x0044,0x0045,0x0046,0x0047,0x0048,0x0049,0x00AD,0x00F4,0x007E,0x00F2,0x00F3,0x00F5,
    0x011F,0x004A,0x004B,0x004C,0x004D,0x004E,0x004F,0x0050,0x0051,0x0052,0x00B9,0x00FB,0x005C,0x00F9,0x00FA,0x00FF,
    0x00FC,0x00F7,0x0053,0x0054,0x0055,0x0056,0x0057,0x0058,0x0059,0x005A,0x00B2,0x00D4,0x0023,0x00D2,0x00D3,0x00D5,
    0x0030,0x0031,0x0032,0x0033,0x0034,0x0035,0x0036,0x0037,0x0038,0x0039,0x00B3,0x00DB,0x0022,0x00D9,0x00DA,0x009F
  ]);

const t1027 = new Uint16Array([
    0x0000,0x0001,0x0002,0x0003,0x009C,0x0009,0x0086,0x007F,0x0097,0x008D,0x008E,0x000B,0x000C,0x000D,0x000E,0x000F,
    0x0010,0x0011,0x0012,0x0013,0x009D,0x0085,0x0008,0x0087,0x0018,0x0019,0x0092,0x008F,0x001C,0x001D,0x001E,0x001F,
    0x0080,0x0081,0x0082,0x0083,0x0084,0x000A,0x0017,0x001B,0x0088,0x0089,0x008A,0x008B,0x008C,0x0005,0x0006,0x0007,
    0x0090,0x0091,0x0016,0x0093,0x0094,0x0095,0x0096,0x0004,0x0098,0x0099,0x009A,0x009B,0x0014,0x0015,0x009E,0x001A,
    0x0020,0xFFFD,0xFF61,0xFF62,0xFF63,0xFF64,0xFF65,0xFF66,0xFF67,0xFF68,0x00A2,0x002E,0x003C,0x0028,0x002B,0x007C,
    0x0026,0xFF69,0xFF6A,0xFF6B,0xFF6C,0xFF6D,0xFF6E,0xFF6F,0xFF70,0xFF71,0x0021,0x0024,0x002A,0x0029,0x003B,0x00AC,
    0x002D,0x002F,0xFF72,0xFF73,0xFF74,0xFF75,0xFF76,0xFF77,0xFF78,0xFF79,0xFFFD,0x002C,0x0025,0x005F,0x003E,0x003F,
    0xFF7A,0xFF7B,0xFF7C,0xFF7D,0xFF7E,0xFF7F,0xFF80,0xFF81,0xFF82,0x0060,0x003A,0x0023,0x0040,0x0027,0x003D,0x0022,
    0xFFFD,0x0061,0x0062,0x0063,0x0064,0x0065,0x0066,0x0067,0x0068,0x0069,0xFF83,0xFF84,0xFF85,0xFF86,0xFF87,0xFF88,
    0xFFFD,0x006A,0x006B,0x006C,0x006D,0x006E,0x006F,0x0070,0x0071,0x0072,0xFF89,0xFF8A,0xFF8B,0xFF8C,0xFF8D,0xFF8E,
    0x203E,0x007E,0x0073,0x0074,0x0075,0x0076,0x0077,0x0078,0x0079,0x007A,0xFF8F,0xFF90,0xFF91,0x005B,0xFF92,0xFF93,
    0x005E,0x00A3,0x00A5,0xFF94,0xFF95,0xFF96,0xFF97,0xFF98,0xFF99,0xFF9A,0xFF9B,0xFF9C,0xFF9D,0x005D,0xFF9E,0xFF9F,
    0x007B,0x0041,0x0042,0x0043,0x0044,0x0045,0x0046,0x0047,0x0048,0x0049,0xFFFD,0xFFFD,0xFFFD,0xFFFD,0xFFFD,0xFFFD,
    0x007D,0x004A,0x004B,0x004C,0x004D,0x004E,0x004F,0x0050,0x0051,0x0052,0xFFFD,0xFFFD,0xFFFD,0xFFFD,0xFFFD,0xFFFD,
    0x005C,0xFFFD,0x0053,0x0054,0x0055,0x0056,0x0057,0x0058,0x0059,0x005A,0xFFFD,0xFFFD,0xFFFD,0xFFFD,0xFFFD,0xFFFD,
    0x0030,0x0031,0x0032,0x0033,0x0034,0x0035,0x0036,0x0037,0x0038,0x0039,0xFFFD,0xFFFD,0xFFFD,0xFFFD,0xFFFD,0x009F
  ]);

const t1046 = new Uint16Array([
    0x0000,0x0001,0x0002,0x0003,0x0004,0x0005,0x0006,0x0007,0x0008,0x0009,0x000A,0x000B,0x000C,0x000D,0x000E,0x000F,
    0x0010,0x0011,0x0012,0x0013,0x0014,0x0015,0x0016,0x0017,0x0018,0x0019,0x001A,0x001B,0x001C,0x001D,0x001E,0x001F,
    0x0020,0x0021,0x0022,0x0023,0x0024,0x0025,0x0026,0x0027,0x0028,0x0029,0x002A,0x002B,0x002C,0x002D,0x002E,0x002F,
    0x0030,0x0031,0x0032,0x0033,0x0034,0x0035,0x0036,0x0037,0x0038,0x0039,0x003A,0x003B,0x003C,0x003D,0x003E,0x003F,
    0x0040,0x0041,0x0042,0x0043,0x0044,0x0045,0x0046,0x0047,0x0048,0x0049,0x004A,0x004B,0x004C,0x004D,0x004E,0x004F,
    0x0050,0x0051,0x0052,0x0053,0x0054,0x0055,0x0056,0x0057,0x0058,0x0059,0x005A,0x005B,0x005C,0x005D,0x005E,0x005F,
    0x0060,0x0061,0x0062,0x0063,0x0064,0x0065,0x0066,0x0067,0x0068,0x0069,0x006A,0x006B,0x006C,0x006D,0x006E,0x006F,
    0x0070,0x0071,0x0072,0x0073,0x0074,0x0075,0x0076,0x0077,0x0078,0x0079,0x007A,0x007B,0x007C,0x007D,0x007E,0x007F,
    0xFE88,0x00D7,0x00F7,0xFEB1,0xFEB5,0xFEB9,0xFEBD,0xFE71,0x0088,0x25A0,0x2502,0x2500,0x2510,0x250C,0x2514,0x2518,
    0xFE79,0xFE7B,0xFE7D,0xFE7F,0xFE77,0xFE8A,0xFEF0,0xFEF3,0xFEF2,0xFECE,0xFECF,0xFED0,0xFEF6,0xFEF8,0xFEFA,0xFEFC,
    0x00A0,0xFE82,0xFE84,0xFE88,0x00A4,0xFE8E,0xFE8B,0xFE91,0xFE97,0xFE9B,0xFE9F,0xFEA3,0x060C,0x00AD,0xFEA7,0xFEB3,
    0x0660,0x0661,0x0662,0x0663,0x0664,0x0665,0x0666,0x0667,0x0668,0x0669,0xFEB7,0x061B,0xFEBB,0xFEBF,0xFECA,0x061F,
    0xFECB,0x0621,0x0622,0x0623,0x0624,0x0625,0x0626,0x0627,0x0628,0x0629,0x062A,0x062B,0x062C,0x062D,0x062E,0x062F,
    0x0630,0x0631,0x0632,0x0633,0x0634,0x0635,0x0636,0x0637,0x0638,0x0639,0x063A,0xFECC,0xFE82,0xFE84,0xFE8E,0xFED3,
    0x0640,0x0641,0x0642,0x0643,0x0644,0x0645,0x0646,0x0647,0x0648,0x0649,0x064A,0x064B,0x064C,0x064D,0x064E,0x064F,
    0x0650,0x0651,0x0652,0xFED7,0xFEDB,0xFEDF,0x200B,0xFEF5,0xFEF7,0xFEF9,0xFEFB,0xFEE3,0xFEE7,0xFEEC,0xFEE9,0xFFFD
  ]);

const t1047 = new Uint16Array([
    0x0000,0x0001,0x0002,0x0003,0x009C,0x0009,0x0086,0x007F,0x0097,0x008D,0x008E,0x000B,0x000C,0x000D,0x000E,0x000F,
    0x0010,0x0011,0x0012,0x0013,0x009D,0x0085,0x0008,0x0087,0x0018,0x0019,0x0092,0x008F,0x001C,0x001D,0x001E,0x001F,
    0x0080,0x0081,0x0082,0x0083,0x0084,0x000A,0x0017,0x001B,0x0088,0x0089,0x008A,0x008B,0x008C,0x0005,0x0006,0x0007,
    0x0090,0x0091,0x0016,0x0093,0x0094,0x0095,0x0096,0x0004,0x0098,0x0099,0x009A,0x009B,0x0014,0x0015,0x009E,0x001A,
    0x0020,0x00A0,0x00E2,0x00E4,0x00E0,0x00E1,0x00E3,0x00E5,0x00E7,0x00F1,0x00A2,0x002E,0x003C,0x0028,0x002B,0x007C,
    0x0026,0x00E9,0x00EA,0x00EB,0x00E8,0x00ED,0x00EE,0x00EF,0x00EC,0x00DF,0x0021,0x0024,0x002A,0x0029,0x003B,0x005E,
    0x002D,0x002F,0x00C2,0x00C4,0x00C0,0x00C1,0x00C3,0x00C5,0x00C7,0x00D1,0x00A6,0x002C,0x0025,0x005F,0x003E,0x003F,
    0x00F8,0x00C9,0x00CA,0x00CB,0x00C8,0x00CD,0x00CE,0x00CF,0x00CC,0x0060,0x003A,0x0023,0x0040,0x0027,0x003D,0x0022,
    0x00D8,0x0061,0x0062,0x0063,0x0064,0x0065,0x0066,0x0067,0x0068,0x0069,0x00AB,0x00BB,0x00F0,0x00FD,0x00FE,0x00B1,
    0x00B0,0x006A,0x006B,0x006C,0x006D,0x006E,0x006F,0x0070,0x0071,0x0072,0x00AA,0x00BA,0x00E6,0x00B8,0x00C6,0x00A4,
    0x00B5,0x007E,0x0073,0x0074,0x0075,0x0076,0x0077,0x0078,0x0079,0x007A,0x00A1,0x00BF,0x00D0,0x005B,0x00DE,0x00AE,
    0x00AC,0x00A3,0x00A5,0x00B7,0x00A9,0x00A7,0x00B6,0x00BC,0x00BD,0x00BE,0x00DD,0x00A8,0x00AF,0x005D,0x00B4,0x00D7,
    0x007B,0x0041,0x0042,0x0043,0x0044,0x0045,0x0046,0x0047,0x0048,0x0049,0x00AD,0x00F4,0x00F6,0x00F2,0x00F3,0x00F5,
    0x007D,0x004A,0x004B,0x004C,0x004D,0x004E,0x004F,0x0050,0x0051,0x0052,0x00B9,0x00FB,0x00FC,0x00F9,0x00FA,0x00FF,
    0x005C,0x00F7,0x0053,0x0054,0x0055,0x0056,0x0057,0x0058,0x0059,0x005A,0x00B2,0x00D4,0x00D6,0x00D2,0x00D3,0x00D5,
    0x0030,0x0031,0x0032,0x0033,0x0034,0x0035,0x0036,0x0037,0x0038,0x0039,0x00B3,0x00DB,0x00DC,0x00D9,0x00DA,0x009F
  ]);

const t1088 = new Uint16Array([
    0x0000,0x0001,0x0002,0x0003,0x0004,0x0005,0x0006,0x0007,0x0008,0x0009,0x000A,0x000B,0x000C,0x000D,0x000E,0x000F,
    0x0010,0x0011,0x0012,0x0013,0x0014,0x0015,0x0016,0x0017,0x0018,0x0019,0x001C,0x001B,0x007F,0x001D,0x001E,0x001F,
    0x0020,0x0021,0x0022,0x0023,0x0024,0x0025,0x0026,0x0027,0x0028,0x0029,0x002A,0x002B,0x002C,0x002D,0x002E,0x002F,
    0x0030,0x0031,0x0032,0x0033,0x0034,0x0035,0x0036,0x0037,0x0038,0x0039,0x003A,0x003B,0x003C,0x003D,0x003E,0x003F,
    0x0040,0x0041,0x0042,0x0043,0x0044,0x0045,0x0046,0x0047,0x0048,0x0049,0x004A,0x004B,0x004C,0x004D,0x004E,0x004F,
    0x0050,0x0051,0x0052,0x0053,0x0054,0x0055,0x0056,0x0057,0x0058,0x0059,0x005A,0x005B,0x20A9,0x005D,0x005E,0x005F,
    0x0060,0x0061,0x0062,0x0063,0x0064,0x0065,0x0066,0x0067,0x0068,0x0069,0x006A,0x006B,0x006C,0x006D,0x006E,0x006F,
    0x0070,0x0071,0x0072,0x0073,0x0074,0x0075,0x0076,0x0077,0x0078,0x0079,0x007A,0x007B,0x007C,0x007D,0x007E,0x001A,
    0xFFFD,0xFFFD,0xFFFD,0xFFFD,0xFFFD,0xFFFD,0xFFFD,0xFFFD,0xFFFD,0xFFFD,0xFFFD,0xFFFD,0xFFFD,0xFFFD,0xFFFD,0xFFFD,
    0xFFFD,0xFFFD,0xFFFD,0xFFFD,0xFFFD,0xFFFD,0xFFFD,0xFFFD,0xFFFD,0xFFFD,0xFFFD,0xFFFD,0xFFFD,0xFFFD,0xFFFD,0xFFFD,
    0xFFFD,0xFFFD,0xFFFD,0xFFFD,0xFFFD,0xFFFD,0xFFFD,0xFFFD,0xFFFD,0xFFFD,0xFFFD,0xFFFD,0xFFFD,0xFFFD,0xFFFD,0xFFFD,
    0xFFFD,0xFFFD,0xFFFD,0xFFFD,0xFFFD,0xFFFD,0xFFFD,0xFFFD,0xFFFD,0xFFFD,0xFFFD,0xFFFD,0xFFFD,0xFFFD,0xFFFD,0xFFFD,
    0xFFFD,0xFFFD,0xFFFD,0xFFFD,0xFFFD,0xFFFD,0xFFFD,0xFFFD,0xFFFD,0xFFFD,0xFFFD,0xFFFD,0xFFFD,0xFFFD,0xFFFD,0xFFFD,
    0xFFFD,0xFFFD,0xFFFD,0xFFFD,0xFFFD,0xFFFD,0xFFFD,0xFFFD,0xFFFD,0xFFFD,0xFFFD,0xFFFD,0xFFFD,0xFFFD,0xFFFD,0xFFFD,
    0xFFFD,0xFFFD,0xFFFD,0xFFFD,0xFFFD,0xFFFD,0xFFFD,0xFFFD,0xFFFD,0xFFFD,0xFFFD,0xFFFD,0xFFFD,0xFFFD,0xFFFD,0xFFFD,
    0xFFFD,0xFFFD,0xFFFD,0xFFFD,0xFFFD,0xFFFD,0xFFFD,0xFFFD,0xFFFD,0xFFFD,0xFFFD,0xFFFD,0xFFFD,0xFFFD,0xFFFD,0xFFFD
  ]);

const t1089 = new Uint16Array([
    0x0000,0x0001,0x0002,0x0003,0x0004,0x0005,0x0006,0x0007,0x0008,0x0009,0x000A,0x000B,0x000C,0x000D,0x000E,0x000F,
    0x0010,0x0011,0x0012,0x0013,0x0014,0x0015,0x0016,0x0017,0x0018,0x0019,0x001A,0x001B,0x001C,0x001D,0x001E,0x001F,
    0x0020,0x0021,0x0022,0x0023,0x0024,0x0025,0x0026,0x0027,0x0028,0x0029,0x002A,0x002B,0x002C,0x002D,0x002E,0x002F,
    0x0030,0x0031,0x0032,0x0033,0x0034,0x0035,0x0036,0x0037,0x0038,0x0039,0x003A,0x003B,0x003C,0x003D,0x003E,0x003F,
    0x0040,0x0041,0x0042,0x0043,0x0044,0x0045,0x0046,0x0047,0x0048,0x0049,0x004A,0x004B,0x004C,0x004D,0x004E,0x004F,
    0x0050,0x0051,0x0052,0x0053,0x0054,0x0055,0x0056,0x0057,0x0058,0x0059,0x005A,0x005B,0x005C,0x005D,0x005E,0x005F,
    0x0060,0x0061,0x0062,0x0063,0x0064,0x0065,0x0066,0x0067,0x0068,0x0069,0x006A,0x006B,0x006C,0x006D,0x006E,0x006F,
    0x0070,0x0071,0x0072,0x0073,0x0074,0x0075,0x0076,0x0077,0x0078,0x0079,0x007A,0x007B,0x007C,0x007D,0x007E,0x007F,
    0x0080,0x0081,0x0082,0x0083,0x0084,0x0085,0x0086,0x0087,0x0088,0x0089,0x008A,0x008B,0x008C,0x008D,0x008E,0x008F,
    0x0090,0x0091,0x0092,0x0093,0x0094,0x0095,0x0096,0x0097,0x0098,0x0099,0x009A,0x009B,0x009C,0x009D,0x009E,0x009F,
    0x00A0,0xFFFD,0xFFFD,0xFFFD,0x00A4,0xFFFD,0xFFFD,0xFFFD,0xFFFD,0xFFFD,0xFFFD,0xFFFD,0x060C,0x00AD,0xFFFD,0xFFFD,
    0xFFFD,0xFFFD,0xFFFD,0xFFFD,0xFFFD,0xFFFD,0xFFFD,0xFFFD,0xFFFD,0xFFFD,0xFFFD,0x061B,0xFFFD,0xFFFD,0xFFFD,0x061F,
    0xFFFD,0x0621,0x0622,0x0623,0x0624,0x0625,0x0626,0x0627,0x0628,0x0629,0x062A,0x062B,0x062C,0x062D,0x062E,0x062F,
    0x0630,0x0631,0x0632,0x0633,0x0634,0x0635,0x0636,0x0637,0x0638,0x0639,0x063A,0xFFFD,0xFFFD,0xFFFD,0xFFFD,0xFFFD,
    0x0640,0x0641,0x0642,0x0643,0x0644,0x0645,0x0646,0x0647,0x0648,0x0649,0x064A,0x064B,0x064C,0x064D,0x064E,0x064F,
    0x0650,0x0651,0x0652,0xFFFD,0xFFFD,0xFFFD,0xFFFD,0xFFFD,0xFFFD,0xFFFD,0xFFFD,0xFFFD,0xFFFD,0xFFFD,0xFFFD,0xFFFD
  ]);

const t1112 = new Uint16Array([
    0x0000,0x0001,0x0002,0x0003,0x009C,0x0009,0x0086,0x007F,0x0097,0x008D,0x008E,0x000B,0x000C,0x000D,0x000E,0x000F,
    0x0010,0x0011,0x0012,0x0013,0x009D,0x0085,0x0008,0x0087,0x0018,0x0019,0x0092,0x008F,0x001C,0x001D,0x001E,0x001F,
    0x0080,0x0081,0x0082,0x0083,0x0084,0x000A,0x0017,0x001B,0x0088,0x0089,0x008A,0x008B,0x008C,0x0005,0x0006,0x0007,
    0x0090,0x0091,0x0016,0x0093,0x0094,0x0095,0x0096,0x0004,0x0098,0x0099,0x009A,0x009B,0x0014,0x0015,0x009E,0x001A,
    0x0020,0x00A0,0x0161,0x00E4,0x0105,0x012F,0x016B,0x00E5,0x0113,0x017E,0x00A2,0x002E,0x003C,0x0028,0x002B,0x007C,
    0x0026,0x00E9,0x0119,0x0117,0x010D,0x0173,0x201E,0x201C,0x0123,0x00DF,0x0021,0x0024,0x002A,0x0029,0x003B,0x00AC,
    0x002D,0x002F,0x0160,0x00C4,0x0104,0x012E,0x016A,0x00C5,0x0112,0x017D,0x00A6,0x002C,0x0025,0x005F,0x003E,0x003F,
    0x00F8,0x00C9,0x0118,0x0116,0x010C,0x0172,0x012A,0x013B,0x0122,0x0060,0x003A,0x0023,0x0040,0x0027,0x003D,0x0022,
    0x00D8,0x0061,0x0062,0x0063,0x0064,0x0065,0x0066,0x0067,0x0068,0x0069,0x00AB,0x00BB,0x0101,0x017C,0x0144,0x00B1,
    0x00B0,0x006A,0x006B,0x006C,0x006D,0x006E,0x006F,0x0070,0x0071,0x0072,0x0156,0x0157,0x00E6,0x0137,0x00C6,0x00A4,
    0x00B5,0x007E,0x0073,0x0074,0x0075,0x0076,0x0077,0x0078,0x0079,0x007A,0x201D,0x017A,0x0100,0x017B,0x0143,0x00AE,
    0x005E,0x00A3,0x012B,0x00B7,0x00A9,0x00A7,0x00B6,0x00BC,0x00BD,0x00BE,0x005B,0x005D,0x0179,0x0136,0x013C,0x00D7,
    0x007B,0x0041,0x0042,0x0043,0x0044,0x0045,0x0046,0x0047,0x0048,0x0049,0x00AD,0x014D,0x00F6,0x0146,0x00F3,0x00F5,
    0x007D,0x004A,0x004B,0x004C,0x004D,0x004E,0x004F,0x0050,0x0051,0x0052,0x00B9,0x0107,0x00FC,0x0142,0x015B,0x2019,
    0x005C,0x00F7,0x0053,0x0054,0x0055,0x0056,0x0057,0x0058,0x0059,0x005A,0x00B2,0x014C,0x00D6,0x0145,0x00D3,0x00D5,
    0x0030,0x0031,0x0032,0x0033,0x0034,0x0035,0x0036,0x0037,0x0038,0x0039,0x00B3,0x0106,0x00DC,0x0141,0x015A,0x009F
  ]);

const t1115 = new Uint16Array([
    0x0000,0x0001,0x0002,0x0003,0x0004,0x0005,0x0006,0x0007,0x0008,0x0009,0x000A,0x000B,0x000C,0x000D,0x000E,0x000F,
    0x0010,0x0011,0x0012,0x0013,0x0014,0x0015,0x0016,0x0017,0x0018,0x0019,0x001C,0x001B,0x007F,0x001D,0x001E,0x001F,
    0x0020,0x0021,0x0022,0x0023,0x0024,0x0025,0x0026,0x0027,0x0028,0x0029,0x002A,0x002B,0x002C,0x002D,0x002E,0x002F,
    0x0030,0x0031,0x0032,0x0033,0x0034,0x0035,0x0036,0x0037,0x0038,0x0039,0x003A,0x003B,0x003C,0x003D,0x003E,0x003F,
    0x0040,0x0041,0x0042,0x0043,0x0044,0x0045,0x0046,0x0047,0x0048,0x0049,0x004A,0x004B,0x004C,0x004D,0x004E,0x004F,
    0x0050,0x0051,0x0052,0x0053,0x0054,0x0055,0x0056,0x0057,0x0058,0x0059,0x005A,0x005B,0x005C,0x005D,0x005E,0x005F,
    0x0060,0x0061,0x0062,0x0063,0x0064,0x0065,0x0066,0x0067,0x0068,0x0069,0x006A,0x006B,0x006C,0x006D,0x006E,0x006F,
    0x0070,0x0071,0x0072,0x0073,0x0074,0x0075,0x0076,0x0077,0x0078,0x0079,0x007A,0x007B,0x007C,0x007D,0x007E,0x001A,
    0x00A3,0x00AC,0x00A5,0x203E,0x00A6,0xFFFD,0xFFFD,0xFFFD,0xFFFD,0xFFFD,0xFFFD,0xFFFD,0xFFFD,0xFFFD,0xFFFD,0xFFFD,
    0xFFFD,0xFFFD,0xFFFD,0xFFFD,0xFFFD,0xFFFD,0xFFFD,0xFFFD,0xFFFD,0xFFFD,0xFFFD,0xFFFD,0xFFFD,0xFFFD,0xFFFD,0xFFFD,
    0xFFFD,0xFFFD,0xFFFD,0xFFFD,0xFFFD,0xFFFD,0xFFFD,0xFFFD,0xFFFD,0xFFFD,0xFFFD,0xFFFD,0xFFFD,0xFFFD,0xFFFD,0xFFFD,
    0xFFFD,0xFFFD,0xFFFD,0xFFFD,0xFFFD,0xFFFD,0xFFFD,0xFFFD,0xFFFD,0xFFFD,0xFFFD,0xFFFD,0xFFFD,0xFFFD,0xFFFD,0xFFFD,
    0xFFFD,0xFFFD,0xFFFD,0xFFFD,0xFFFD,0xFFFD,0xFFFD,0xFFFD,0xFFFD,0xFFFD,0xFFFD,0xFFFD,0xFFFD,0xFFFD,0xFFFD,0xFFFD,
    0xFFFD,0xFFFD,0xFFFD,0xFFFD,0xFFFD,0xFFFD,0xFFFD,0xFFFD,0xFFFD,0xFFFD,0xFFFD,0xFFFD,0xFFFD,0xFFFD,0xFFFD,0xFFFD,
    0xFFFD,0xFFFD,0xFFFD,0xFFFD,0xFFFD,0xFFFD,0xFFFD,0xFFFD,0xFFFD,0xFFFD,0xFFFD,0xFFFD,0xFFFD,0xFFFD,0xFFFD,0xFFFD,
    0xFFFD,0xFFFD,0xFFFD,0xFFFD,0xFFFD,0xFFFD,0xFFFD,0xFFFD,0xFFFD,0xFFFD,0xFFFD,0xFFFD,0xFFFD,0xFFFD,0xFFFD,0xFFFD
  ]);

const t1122 = new Uint16Array([
    0x0000,0x0001,0x0002,0x0003,0x009C,0x0009,0x0086,0x007F,0x0097,0x008D,0x008E,0x000B,0x000C,0x000D,0x000E,0x000F,
    0x0010,0x0011,0x0012,0x0013,0x009D,0x0085,0x0008,0x0087,0x0018,0x0019,0x0092,0x008F,0x001C,0x001D,0x001E,0x001F,
    0x0080,0x0081,0x0082,0x0083,0x0084,0x000A,0x0017,0x001B,0x0088,0x0089,0x008A,0x008B,0x008C,0x0005,0x0006,0x0007,
    0x0090,0x0091,0x0016,0x0093,0x0094,0x0095,0x0096,0x0004,0x0098,0x0099,0x009A,0x009B,0x0014,0x0015,0x009E,0x001A,
    0x0020,0x00A0,0x00E2,0x007B,0x00E0,0x00E1,0x00E3,0x007D,0x00E7,0x00F1,0x00A7,0x002E,0x003C,0x0028,0x002B,0x0021,
    0x0026,0x0060,0x00EA,0x00EB,0x00E8,0x00ED,0x00EE,0x00EF,0x00EC,0x00DF,0x00A4,0x00C5,0x002A,0x0029,0x003B,0x005E,
    0x002D,0x002F,0x00C2,0x0023,0x00C0,0x00C1,0x00C3,0x0024,0x00C7,0x00D1,0x00F6,0x002C,0x0025,0x005F,0x003E,0x003F,
    0x00F8,0x005C,0x00CA,0x00CB,0x00C8,0x00CD,0x00CE,0x00CF,0x00CC,0x00E9,0x003A,0x00C4,0x00D6,0x0027,0x003D,0x0022,
    0x00D8,0x0061,0x0062,0x0063,0x0064,0x0065,0x0066,0x0067,0x0068,0x0069,0x00AB,0x00BB,0x0161,0x00FD,0x017E,0x00B1,
    0x00B0,0x006A,0x006B,0x006C,0x006D,0x006E,0x006F,0x0070,0x0071,0x0072,0x00AA,0x00BA,0x00E6,0x00B8,0x00C6,0x005D,
    0x00B5,0x00FC,0x0073,0x0074,0x0075,0x0076,0x0077,0x0078,0x0079,0x007A,0x00A1,0x00BF,0x0160,0x00DD,0x017D,0x00AE,
    0x00A2,0x00A3,0x00A5,0x00B7,0x00A9,0x005B,0x00B6,0x00BC,0x00BD,0x00BE,0x00AC,0x007C,0x00AF,0x00A8,0x00B4,0x00D7,
    0x00E4,0x0041,0x0042,0x0043,0x0044,0x0045,0x0046,0x0047,0x0048,0x0049,0x00AD,0x00F4,0x00A6,0x00F2,0x00F3,0x00F5,
    0x00E5,0x004A,0x004B,0x004C,0x004D,0x004E,0x004F,0x0050,0x0051,0x0052,0x00B9,0x00FB,0x007E,0x00F9,0x00FA,0x00FF,
    0x00C9,0x00F7,0x0053,0x0054,0x0055,0x0056,0x0057,0x0058,0x0059,0x005A,0x00B2,0x00D4,0x0040,0x00D2,0x00D3,0x00D5,
    0x0030,0x0031,0x0032,0x0033,0x0034,0x0035,0x0036,0x0037,0x0038,0x0039,0x00B3,0x00DB,0x00DC,0x00D9,0x00DA,0x009F
  ]);

const t1123 = new Uint16Array([
    0x0000,0x0001,0x0002,0x0003,0x009C,0x0009,0x0086,0x007F,0x0097,0x008D,0x008E,0x000B,0x000C,0x000D,0x000E,0x000F,
    0x0010,0x0011,0x0012,0x0013,0x009D,0x0085,0x0008,0x0087,0x0018,0x0019,0x0092,0x008F,0x001C,0x001D,0x001E,0x001F,
    0x0080,0x0081,0x0082,0x0083,0x0084,0x000A,0x0017,0x001B,0x0088,0x0089,0x008A,0x008B,0x008C,0x0005,0x0006,0x0007,
    0x0090,0x0091,0x0016,0x0093,0x0094,0x0095,0x0096,0x0004,0x0098,0x0099,0x009A,0x009B,0x0014,0x0015,0x009E,0x001A,
    0x0020,0x00A0,0x0452,0x0491,0x0451,0x0454,0x0455,0x0456,0x0457,0x0458,0x005B,0x002E,0x003C,0x0028,0x002B,0x0021,
    0x0026,0x0459,0x045A,0x045B,0x045C,0x045E,0x045F,0x042A,0x2116,0x0402,0x005D,0x0024,0x002A,0x0029,0x003B,0x005E,
    0x002D,0x002F,0x0490,0x0401,0x0404,0x0405,0x0406,0x0407,0x0408,0x0409,0x007C,0x002C,0x0025,0x005F,0x003E,0x003F,
    0x040A,0x040B,0x040C,0x00AD,0x040E,0x040F,0x044E,0x0430,0x0431,0x0060,0x003A,0x0023,0x0040,0x0027,0x003D,0x0022,
    0x0446,0x0061,0x0062,0x0063,0x0064,0x0065,0x0066,0x0067,0x0068,0x0069,0x0434,0x0435,0x0444,0x0433,0x0445,0x0438,
    0x0439,0x006A,0x006B,0x006C,0x006D,0x006E,0x006F,0x0070,0x0071,0x0072,0x043A,0x043B,0x043C,0x043D,0x043E,0x043F,
    0x044F,0x007E,0x0073,0x0074,0x0075,0x0076,0x0077,0x0078,0x0079,0x007A,0x0440,0x0441,0x0442,0x0443,0x0436,0x0432,
    0x044C,0x044B,0x0437,0x0448,0x044D,0x0449,0x0447,0x044A,0x042E,0x0410,0x0411,0x0426,0x0414,0x0415,0x0424,0x0413,
    0x007B,0x0041,0x0042,0x0043,0x0044,0x0045,0x0046,0x0047,0x0048,0x0049,0x0425,0x0418,0x0419,0x041A,0x041B,0x041C,
    0x007D,0x004A,0x004B,0x004C,0x004D,0x004E,0x004F,0x0050,0x0051,0x0052,0x041D,0x041E,0x041F,0x042F,0x0420,0x0421,
    0x005C,0x00A7,0x0053,0x0054,0x0055,0x0056,0x0057,0x0058,0x0059,0x005A,0x0422,0x0423,0x0416,0x0412,0x042C,0x042B,
    0x0030,0x0031,0x0032,0x0033,0x0034,0x0035,0x0036,0x0037,0x0038,0x0039,0x0417,0x0428,0x042D,0x0429,0x0427,0x009F
  ]);

const t1124 = new Uint16Array([
    0x0000,0x0001,0x0002,0x0003,0x0004,0x0005,0x0006,0x0007,0x0008,0x0009,0x000A,0x000B,0x000C,0x000D,0x000E,0x000F,
    0x0010,0x0011,0x0012,0x0013,0x0014,0x0015,0x0016,0x0017,0x0018,0x0019,0x001A,0x001B,0x001C,0x001D,0x001E,0x001F,
    0x0020,0x0021,0x0022,0x0023,0x0024,0x0025,0x0026,0x0027,0x0028,0x0029,0x002A,0x002B,0x002C,0x002D,0x002E,0x002F,
    0x0030,0x0031,0x0032,0x0033,0x0034,0x0035,0x0036,0x0037,0x0038,0x0039,0x003A,0x003B,0x003C,0x003D,0x003E,0x003F,
    0x0040,0x0041,0x0042,0x0043,0x0044,0x0045,0x0046,0x0047,0x0048,0x0049,0x004A,0x004B,0x004C,0x004D,0x004E,0x004F,
    0x0050,0x0051,0x0052,0x0053,0x0054,0x0055,0x0056,0x0057,0x0058,0x0059,0x005A,0x005B,0x005C,0x005D,0x005E,0x005F,
    0x0060,0x0061,0x0062,0x0063,0x0064,0x0065,0x0066,0x0067,0x0068,0x0069,0x006A,0x006B,0x006C,0x006D,0x006E,0x006F,
    0x0070,0x0071,0x0072,0x0073,0x0074,0x0075,0x0076,0x0077,0x0078,0x0079,0x007A,0x007B,0x007C,0x007D,0x007E,0x007F,
    0x0080,0x0081,0x0082,0x0083,0x0084,0x0085,0x0086,0x0087,0x0088,0x0089,0x008A,0x008B,0x008C,0x008D,0x008E,0x008F,
    0x0090,0x0091,0x0092,0x0093,0x0094,0x0095,0x0096,0x0097,0x0098,0x0099,0x009A,0x009B,0x009C,0x009D,0x009E,0x009F,
    0x00A0,0x0401,0x0402,0x0490,0x0404,0x0405,0x0406,0x0407,0x0408,0x0409,0x040A,0x040B,0x040C,0x00AD,0x040E,0x040F,
    0x0410,0x0411,0x0412,0x0413,0x0414,0x0415,0x0416,0x0417,0x0418,0x0419,0x041A,0x041B,0x041C,0x041D,0x041E,0x041F,
    0x0420,0x0421,0x0422,0x0423,0x0424,0x0425,0x0426,0x0427,0x0428,0x0429,0x042A,0x042B,0x042C,0x042D,0x042E,0x042F,
    0x0430,0x0431,0x0432,0x0433,0x0434,0x0435,0x0436,0x0437,0x0438,0x0439,0x043A,0x043B,0x043C,0x043D,0x043E,0x043F,
    0x0440,0x0441,0x0442,0x0443,0x0444,0x0445,0x0446,0x0447,0x0448,0x0449,0x044A,0x044B,0x044C,0x044D,0x044E,0x044F,
    0x2116,0x0451,0x0452,0x0491,0x0454,0x0455,0x0456,0x0457,0x0458,0x0459,0x045A,0x045B,0x045C,0x00A7,0x045E,0x045F
  ]);

const t1125 = new Uint16Array([
    0x0000,0x0001,0x0002,0x0003,0x0004,0x0005,0x0006,0x0007,0x0008,0x0009,0x000A,0x000B,0x000C,0x000D,0x000E,0x000F,
    0x0010,0x0011,0x0012,0x0013,0x0014,0x0015,0x0016,0x0017,0x0018,0x0019,0x001C,0x001B,0x007F,0x001D,0x001E,0x001F,
    0x0020,0x0021,0x0022,0x0023,0x0024,0x0025,0x0026,0x0027,0x0028,0x0029,0x002A,0x002B,0x002C,0x002D,0x002E,0x002F,
    0x0030,0x0031,0x0032,0x0033,0x0034,0x0035,0x0036,0x0037,0x0038,0x0039,0x003A,0x003B,0x003C,0x003D,0x003E,0x003F,
    0x0040,0x0041,0x0042,0x0043,0x0044,0x0045,0x0046,0x0047,0x0048,0x0049,0x004A,0x004B,0x004C,0x004D,0x004E,0x004F,
    0x0050,0x0051,0x0052,0x0053,0x0054,0x0055,0x0056,0x0057,0x0058,0x0059,0x005A,0x005B,0x005C,0x005D,0x005E,0x005F,
    0x0060,0x0061,0x0062,0x0063,0x0064,0x0065,0x0066,0x0067,0x0068,0x0069,0x006A,0x006B,0x006C,0x006D,0x006E,0x006F,
    0x0070,0x0071,0x0072,0x0073,0x0074,0x0075,0x0076,0x0077,0x0078,0x0079,0x007A,0x007B,0x007C,0x007D,0x007E,0x001A,
    0x0410,0x0411,0x0412,0x0413,0x0414,0x0415,0x0416,0x0417,0x0418,0x0419,0x041A,0x041B,0x041C,0x041D,0x041E,0x041F,
    0x0420,0x0421,0x0422,0x0423,0x0424,0x0425,0x0426,0x0427,0x0428,0x0429,0x042A,0x042B,0x042C,0x042D,0x042E,0x042F,
    0x0430,0x0431,0x0432,0x0433,0x0434,0x0435,0x0436,0x0437,0x0438,0x0439,0x043A,0x043B,0x043C,0x043D,0x043E,0x043F,
    0x2591,0x2592,0x2593,0x2502,0x2524,0x2561,0x2562,0x2556,0x2555,0x2563,0x2551,0x2557,0x255D,0x255C,0x255B,0x2510,
    0x2514,0x2534,0x252C,0x251C,0x2500,0x253C,0x255E,0x255F,0x255A,0x2554,0x2569,0x2566,0x2560,0x2550,0x256C,0x2567,
    0x2568,0x2564,0x2565,0x2559,0x2558,0x2552,0x2553,0x256B,0x256A,0x2518,0x250C,0x2588,0x2584,0x258C,0x2590,0x2580,
    0x0440,0x0441,0x0442,0x0443,0x0444,0x0445,0x0446,0x0447,0x0448,0x0449,0x044A,0x044B,0x044C,0x044D,0x044E,0x044F,
    0x0401,0x0451,0x0490,0x0491,0x0404,0x0454,0x0406,0x0456,0x0407,0x0457,0x00F7,0x00B1,0x2116,0x00A4,0x25A0,0x00A0
  ]);

const t1126 = new Uint16Array([
    0x0000,0x0001,0x0002,0x0003,0x0004,0x0005,0x0006,0x0007,0x0008,0x0009,0x000A,0x000B,0x000C,0x000D,0x000E,0x000F,
    0x0010,0x0011,0x0012,0x0013,0x0014,0x0015,0x0016,0x0017,0x0018,0x0019,0x001C,0x001B,0x007F,0x001D,0x001E,0x001F,
    0x0020,0x0021,0x0022,0x0023,0x0024,0x0025,0x0026,0x0027,0x0028,0x0029,0x002A,0x002B,0x002C,0x002D,0x002E,0x002F,
    0x0030,0x0031,0x0032,0x0033,0x0034,0x0035,0x0036,0x0037,0x0038,0x0039,0x003A,0x003B,0x003C,0x003D,0x003E,0x003F,
    0x0040,0x0041,0x0042,0x0043,0x0044,0x0045,0x0046,0x0047,0x0048,0x0049,0x004A,0x004B,0x004C,0x004D,0x004E,0x004F,
    0x0050,0x0051,0x0052,0x0053,0x0054,0x0055,0x0056,0x0057,0x0058,0x0059,0x005A,0x005B,0x20A9,0x005D,0x005E,0x005F,
    0x0060,0x0061,0x0062,0x0063,0x0064,0x0065,0x0066,0x0067,0x0068,0x0069,0x006A,0x006B,0x006C,0x006D,0x006E,0x006F,
    0x0070,0x0071,0x0072,0x0073,0x0074,0x0075,0x0076,0x0077,0x0078,0x0079,0x007A,0x007B,0x007C,0x007D,0x007E,0x001A,
    0xFFFD,0xFFFD,0xFFFD,0xFFFD,0xFFFD,0xFFFD,0xFFFD,0xFFFD,0xFFFD,0xFFFD,0xFFFD,0xFFFD,0xFFFD,0xFFFD,0xFFFD,0xFFFD,
    0xFFFD,0xFFFD,0xFFFD,0xFFFD,0xFFFD,0xFFFD,0xFFFD,0xFFFD,0xFFFD,0xFFFD,0xFFFD,0xFFFD,0xFFFD,0xFFFD,0xFFFD,0xFFFD,
    0xFFFD,0xFFFD,0xFFFD,0xFFFD,0xFFFD,0xFFFD,0xFFFD,0xFFFD,0xFFFD,0xFFFD,0xFFFD,0xFFFD,0xFFFD,0xFFFD,0xFFFD,0xFFFD,
    0xFFFD,0xFFFD,0xFFFD,0xFFFD,0xFFFD,0xFFFD,0xFFFD,0xFFFD,0xFFFD,0xFFFD,0xFFFD,0xFFFD,0xFFFD,0xFFFD,0xFFFD,0xFFFD,
    0xFFFD,0xFFFD,0xFFFD,0xFFFD,0xFFFD,0xFFFD,0xFFFD,0xFFFD,0xFFFD,0xFFFD,0xFFFD,0xFFFD,0xFFFD,0xFFFD,0xFFFD,0xFFFD,
    0xFFFD,0xFFFD,0xFFFD,0xFFFD,0xFFFD,0xFFFD,0xFFFD,0xFFFD,0xFFFD,0xFFFD,0xFFFD,0xFFFD,0xFFFD,0xFFFD,0xFFFD,0xFFFD,
    0xFFFD,0xFFFD,0xFFFD,0xFFFD,0xFFFD,0xFFFD,0xFFFD,0xFFFD,0xFFFD,0xFFFD,0xFFFD,0xFFFD,0xFFFD,0xFFFD,0xFFFD,0xFFFD,
    0xFFFD,0xFFFD,0xFFFD,0xFFFD,0xFFFD,0xFFFD,0xFFFD,0xFFFD,0xFFFD,0xFFFD,0xFFFD,0xFFFD,0xFFFD,0xFFFD,0xFFFD,0xFFFD
  ]);

const t1140 = new Uint16Array([
    0x0000,0x0001,0x0002,0x0003,0x009C,0x0009,0x0086,0x007F,0x0097,0x008D,0x008E,0x000B,0x000C,0x000D,0x000E,0x000F,
    0x0010,0x0011,0x0012,0x0013,0x009D,0x0085,0x0008,0x0087,0x0018,0x0019,0x0092,0x008F,0x001C,0x001D,0x001E,0x001F,
    0x0080,0x0081,0x0082,0x0083,0x0084,0x000A,0x0017,0x001B,0x0088,0x0089,0x008A,0x008B,0x008C,0x0005,0x0006,0x0007,
    0x0090,0x0091,0x0016,0x0093,0x0094,0x0095,0x0096,0x0004,0x0098,0x0099,0x009A,0x009B,0x0014,0x0015,0x009E,0x001A,
    0x0020,0x00A0,0x00E2,0x00E4,0x00E0,0x00E1,0x00E3,0x00E5,0x00E7,0x00F1,0x00A2,0x002E,0x003C,0x0028,0x002B,0x007C,
    0x0026,0x00E9,0x00EA,0x00EB,0x00E8,0x00ED,0x00EE,0x00EF,0x00EC,0x00DF,0x0021,0x0024,0x002A,0x0029,0x003B,0x00AC,
    0x002D,0x002F,0x00C2,0x00C4,0x00C0,0x00C1,0x00C3,0x00C5,0x00C7,0x00D1,0x00A6,0x002C,0x0025,0x005F,0x003E,0x003F,
    0x00F8,0x00C9,0x00CA,0x00CB,0x00C8,0x00CD,0x00CE,0x00CF,0x00CC,0x0060,0x003A,0x0023,0x0040,0x0027,0x003D,0x0022,
    0x00D8,0x0061,0x0062,0x0063,0x0064,0x0065,0x0066,0x0067,0x0068,0x0069,0x00AB,0x00BB,0x00F0,0x00FD,0x00FE,0x00B1,
    0x00B0,0x006A,0x006B,0x006C,0x006D,0x006E,0x006F,0x0070,0x0071,0x0072,0x00AA,0x00BA,0x00E6,0x00B8,0x00C6,0x20AC,
    0x00B5,0x007E,0x0073,0x0074,0x0075,0x0076,0x0077,0x0078,0x0079,0x007A,0x00A1,0x00BF,0x00D0,0x00DD,0x00DE,0x00AE,
    0x005E,0x00A3,0x00A5,0x00B7,0x00A9,0x00A7,0x00B6,0x00BC,0x00BD,0x00BE,0x005B,0x005D,0x00AF,0x00A8,0x00B4,0x00D7,
    0x007B,0x0041,0x0042,0x0043,0x0044,0x0045,0x0046,0x0047,0x0048,0x0049,0x00AD,0x00F4,0x00F6,0x00F2,0x00F3,0x00F5,
    0x007D,0x004A,0x004B,0x004C,0x004D,0x004E,0x004F,0x0050,0x0051,0x0052,0x00B9,0x00FB,0x00FC,0x00F9,0x00FA,0x00FF,
    0x005C,0x00F7,0x0053,0x0054,0x0055,0x0056,0x0057,0x0058,0x0059,0x005A,0x00B2,0x00D4,0x00D6,0x00D2,0x00D3,0x00D5,
    0x0030,0x0031,0x0032,0x0033,0x0034,0x0035,0x0036,0x0037,0x0038,0x0039,0x00B3,0x00DB,0x00DC,0x00D9,0x00DA,0x009F
  ]);

const t1141 = new Uint16Array([
    0x0000,0x0001,0x0002,0x0003,0x009C,0x0009,0x0086,0x007F,0x0097,0x008D,0x008E,0x000B,0x000C,0x000D,0x000E,0x000F,
    0x0010,0x0011,0x0012,0x0013,0x009D,0x0085,0x0008,0x0087,0x0018,0x0019,0x0092,0x008F,0x001C,0x001D,0x001E,0x001F,
    0x0080,0x0081,0x0082,0x0083,0x0084,0x000A,0x0017,0x001B,0x0088,0x0089,0x008A,0x008B,0x008C,0x0005,0x0006,0x0007,
    0x0090,0x0091,0x0016,0x0093,0x0094,0x0095,0x0096,0x0004,0x0098,0x0099,0x009A,0x009B,0x0014,0x0015,0x009E,0x001A,
    0x0020,0x00A0,0x00E2,0x007B,0x00E0,0x00E1,0x00E3,0x00E5,0x00E7,0x00F1,0x00C4,0x002E,0x003C,0x0028,0x002B,0x0021,
    0x0026,0x00E9,0x00EA,0x00EB,0x00E8,0x00ED,0x00EE,0x00EF,0x00EC,0x007E,0x00DC,0x0024,0x002A,0x0029,0x003B,0x005E,
    0x002D,0x002F,0x00C2,0x005B,0x00C0,0x00C1,0x00C3,0x00C5,0x00C7,0x00D1,0x00F6,0x002C,0x0025,0x005F,0x003E,0x003F,
    0x00F8,0x00C9,0x00CA,0x00CB,0x00C8,0x00CD,0x00CE,0x00CF,0x00CC,0x0060,0x003A,0x0023,0x00A7,0x0027,0x003D,0x0022,
    0x00D8,0x0061,0x0062,0x0063,0x0064,0x0065,0x0066,0x0067,0x0068,0x0069,0x00AB,0x00BB,0x00F0,0x00FD,0x00FE,0x00B1,
    0x00B0,0x006A,0x006B,0x006C,0x006D,0x006E,0x006F,0x0070,0x0071,0x0072,0x00AA,0x00BA,0x00E6,0x00B8,0x00C6,0x20AC,
    0x00B5,0x00DF,0x0073,0x0074,0x0075,0x0076,0x0077,0x0078,0x0079,0x007A,0x00A1,0x00BF,0x00D0,0x00DD,0x00DE,0x00AE,
    0x00A2,0x00A3,0x00A5,0x00B7,0x00A9,0x0040,0x00B6,0x00BC,0x00BD,0x00BE,0x00AC,0x007C,0x00AF,0x00A8,0x00B4,0x00D7,
    0x00E4,0x0041,0x0042,0x0043,0x0044,0x0045,0x0046,0x0047,0x0048,0x0049,0x00AD,0x00F4,0x00A6,0x00F2,0x00F3,0x00F5,
    0x00FC,0x004A,0x004B,0x004C,0x004D,0x004E,0x004F,0x0050,0x0051,0x0052,0x00B9,0x00FB,0x007D,0x00F9,0x00FA,0x00FF,
    0x00D6,0x00F7,0x0053,0x0054,0x0055,0x0056,0x0057,0x0058,0x0059,0x005A,0x00B2,0x00D4,0x005C,0x00D2,0x00D3,0x00D5,
    0x0030,0x0031,0x0032,0x0033,0x0034,0x0035,0x0036,0x0037,0x0038,0x0039,0x00B3,0x00DB,0x005D,0x00D9,0x00DA,0x009F
  ]);

const t1142 = new Uint16Array([
    0x0000,0x0001,0x0002,0x0003,0x009C,0x0009,0x0086,0x007F,0x0097,0x008D,0x008E,0x000B,0x000C,0x000D,0x000E,0x000F,
    0x0010,0x0011,0x0012,0x0013,0x009D,0x0085,0x0008,0x0087,0x0018,0x0019,0x0092,0x008F,0x001C,0x001D,0x001E,0x001F,
    0x0080,0x0081,0x0082,0x0083,0x0084,0x000A,0x0017,0x001B,0x0088,0x0089,0x008A,0x008B,0x008C,0x0005,0x0006,0x0007,
    0x0090,0x0091,0x0016,0x0093,0x0094,0x0095,0x0096,0x0004,0x0098,0x0099,0x009A,0x009B,0x0014,0x0015,0x009E,0x001A,
    0x0020,0x00A0,0x00E2,0x00E4,0x00E0,0x00E1,0x00E3,0x007D,0x00E7,0x00F1,0x0023,0x002E,0x003C,0x0028,0x002B,0x0021,
    0x0026,0x00E9,0x00EA,0x00EB,0x00E8,0x00ED,0x00EE,0x00EF,0x00EC,0x00DF,0x20AC,0x00C5,0x002A,0x0029,0x003B,0x005E,
    0x002D,0x002F,0x00C2,0x00C4,0x00C0,0x00C1,0x00C3,0x0024,0x00C7,0x00D1,0x00F8,0x002C,0x0025,0x005F,0x003E,0x003F,
    0x00A6,0x00C9,0x00CA,0x00CB,0x00C8,0x00CD,0x00CE,0x00CF,0x00CC,0x0060,0x003A,0x00C6,0x00D8,0x0027,0x003D,0x0022,
    0x0040,0x0061,0x0062,0x0063,0x0064,0x0065,0x0066,0x0067,0x0068,0x0069,0x00AB,0x00BB,0x00F0,0x00FD,0x00FE,0x00B1,
    0x00B0,0x006A,0x006B,0x006C,0x006D,0x006E,0x006F,0x0070,0x0071,0x0072,0x00AA,0x00BA,0x007B,0x00B8,0x005B,0x005D,
    0x00B5,0x00FC,0x0073,0x0074,0x0075,0x0076,0x0077,0x0078,0x0079,0x007A,0x00A1,0x00BF,0x00D0,0x00DD,0x00DE,0x00AE,
    0x00A2,0x00A3,0x00A5,0x00B7,0x00A9,0x00A7,0x00B6,0x00BC,0x00BD,0x00BE,0x00AC,0x007C,0x00AF,0x00A8,0x00B4,0x00D7,
    0x00E6,0x0041,0x0042,0x0043,0x0044,0x0045,0x0046,0x0047,0x0048,0x0049,0x00AD,0x00F4,0x00F6,0x00F2,0x00F3,0x00F5,
    0x00E5,0x004A,0x004B,0x004C,0x004D,0x004E,0x004F,0x0050,0x0051,0x0052,0x00B9,0x00FB,0x007E,0x00F9,0x00FA,0x00FF,
    0x005C,0x00F7,0x0053,0x0054,0x0055,0x0056,0x0057,0x0058,0x0059,0x005A,0x00B2,0x00D4,0x00D6,0x00D2,0x00D3,0x00D5,
    0x0030,0x0031,0x0032,0x0033,0x0034,0x0035,0x0036,0x0037,0x0038,0x0039,0x00B3,0x00DB,0x00DC,0x00D9,0x00DA,0x009F
  ]);

const t1143 = new Uint16Array([
    0x0000,0x0001,0x0002,0x0003,0x009C,0x0009,0x0086,0x007F,0x0097,0x008D,0x008E,0x000B,0x000C,0x000D,0x000E,0x000F,
    0x0010,0x0011,0x0012,0x0013,0x009D,0x0085,0x0008,0x0087,0x0018,0x0019,0x0092,0x008F,0x001C,0x001D,0x001E,0x001F,
    0x0080,0x0081,0x0082,0x0083,0x0084,0x000A,0x0017,0x001B,0x0088,0x0089,0x008A,0x008B,0x008C,0x0005,0x0006,0x0007,
    0x0090,0x0091,0x0016,0x0093,0x0094,0x0095,0x0096,0x0004,0x0098,0x0099,0x009A,0x009B,0x0014,0x0015,0x009E,0x001A,
    0x0020,0x00A0,0x00E2,0x007B,0x00E0,0x00E1,0x00E3,0x007D,0x00E7,0x00F1,0x00A7,0x002E,0x003C,0x0028,0x002B,0x0021,
    0x0026,0x0060,0x00EA,0x00EB,0x00E8,0x00ED,0x00EE,0x00EF,0x00EC,0x00DF,0x20AC,0x00C5,0x002A,0x0029,0x003B,0x005E,
    0x002D,0x002F,0x00C2,0x0023,0x00C0,0x00C1,0x00C3,0x0024,0x00C7,0x00D1,0x00F6,0x002C,0x0025,0x005F,0x003E,0x003F,
    0x00F8,0x005C,0x00CA,0x00CB,0x00C8,0x00CD,0x00CE,0x00CF,0x00CC,0x00E9,0x003A,0x00C4,0x00D6,0x0027,0x003D,0x0022,
    0x00D8,0x0061,0x0062,0x0063,0x0064,0x0065,0x0066,0x0067,0x0068,0x0069,0x00AB,0x00BB,0x00F0,0x00FD,0x00FE,0x00B1,
    0x00B0,0x006A,0x006B,0x006C,0x006D,0x006E,0x006F,0x0070,0x0071,0x0072,0x00AA,0x00BA,0x00E6,0x00B8,0x00C6,0x005D,
    0x00B5,0x00FC,0x0073,0x0074,0x0075,0x0076,0x0077,0x0078,0x0079,0x007A,0x00A1,0x00BF,0x00D0,0x00DD,0x00DE,0x00AE,
    0x00A2,0x00A3,0x00A5,0x00B7,0x00A9,0x005B,0x00B6,0x00BC,0x00BD,0x00BE,0x00AC,0x007C,0x00AF,0x00A8,0x00B4,0x00D7,
    0x00E4,0x0041,0x0042,0x0043,0x0044,0x0045,0x0046,0x0047,0x0048,0x0049,0x00AD,0x00F4,0x00A6,0x00F2,0x00F3,0x00F5,
    0x00E5,0x004A,0x004B,0x004C,0x004D,0x004E,0x004F,0x0050,0x0051,0x0052,0x00B9,0x00FB,0x007E,0x00F9,0x00FA,0x00FF,
    0x00C9,0x00F7,0x0053,0x0054,0x0055,0x0056,0x0057,0x0058,0x0059,0x005A,0x00B2,0x00D4,0x0040,0x00D2,0x00D3,0x00D5,
    0x0030,0x0031,0x0032,0x0033,0x0034,0x0035,0x0036,0x0037,0x0038,0x0039,0x00B3,0x00DB,0x00DC,0x00D9,0x00DA,0x009F
  ]);

const t1144 = new Uint16Array([
    0x0000,0x0001,0x0002,0x0003,0x009C,0x0009,0x0086,0x007F,0x0097,0x008D,0x008E,0x000B,0x000C,0x000D,0x000E,0x000F,
    0x0010,0x0011,0x0012,0x0013,0x009D,0x0085,0x0008,0x0087,0x0018,0x0019,0x0092,0x008F,0x001C,0x001D,0x001E,0x001F,
    0x0080,0x0081,0x0082,0x0083,0x0084,0x000A,0x0017,0x001B,0x0088,0x0089,0x008A,0x008B,0x008C,0x0005,0x0006,0x0007,
    0x0090,0x0091,0x0016,0x0093,0x0094,0x0095,0x0096,0x0004,0x0098,0x0099,0x009A,0x009B,0x0014,0x0015,0x009E,0x001A,
    0x0020,0x00A0,0x00E2,0x00E4,0x007B,0x00E1,0x00E3,0x00E5,0x005C,0x00F1,0x00B0,0x002E,0x003C,0x0028,0x002B,0x0021,
    0x0026,0x005D,0x00EA,0x00EB,0x007D,0x00ED,0x00EE,0x00EF,0x007E,0x00DF,0x00E9,0x0024,0x002A,0x0029,0x003B,0x005E,
    0x002D,0x002F,0x00C2,0x00C4,0x00C0,0x00C1,0x00C3,0x00C5,0x00C7,0x00D1,0x00F2,0x002C,0x0025,0x005F,0x003E,0x003F,
    0x00F8,0x00C9,0x00CA,0x00CB,0x00C8,0x00CD,0x00CE,0x00CF,0x00CC,0x00F9,0x003A,0x00A3,0x00A7,0x0027,0x003D,0x0022,
    0x00D8,0x0061,0x0062,0x0063,0x0064,0x0065,0x0066,0x0067,0x0068,0x0069,0x00AB,0x00BB,0x00F0,0x00FD,0x00FE,0x00B1,
    0x005B,0x006A,0x006B,0x006C,0x006D,0x006E,0x006F,0x0070,0x0071,0x0072,0x00AA,0x00BA,0x00E6,0x00B8,0x00C6,0x20AC,
    0x00B5,0x00EC,0x0073,0x0074,0x0075,0x0076,0x0077,0x0078,0x0079,0x007A,0x00A1,0x00BF,0x00D0,0x00DD,0x00DE,0x00AE,
    0x00A2,0x0023,0x00A5,0x00B7,0x00A9,0x0040,0x00B6,0x00BC,0x00BD,0x00BE,0x00AC,0x007C,0x00AF,0x00A8,0x00B4,0x00D7,
    0x00E0,0x0041,0x0042,0x0043,0x0044,0x0045,0x0046,0x0047,0x0048,0x0049,0x00AD,0x00F4,0x00F6,0x00A6,0x00F3,0x00F5,
    0x00E8,0x004A,0x004B,0x004C,0x004D,0x004E,0x004F,0x0050,0x0051,0x0052,0x00B9,0x00FB,0x00FC,0x0060,0x00FA,0x00FF,
    0x00E7,0x00F7,0x0053,0x0054,0x0055,0x0056,0x0057,0x0058,0x0059,0x005A,0x00B2,0x00D4,0x00D6,0x00D2,0x00D3,0x00D5,
    0x0030,0x0031,0x0032,0x0033,0x0034,0x0035,0x0036,0x0037,0x0038,0x0039,0x00B3,0x00DB,0x00DC,0x00D9,0x00DA,0x009F
  ]);

const t1145 = new Uint16Array([
    0x0000,0x0001,0x0002,0x0003,0x009C,0x0009,0x0086,0x007F,0x0097,0x008D,0x008E,0x000B,0x000C,0x000D,0x000E,0x000F,
    0x0010,0x0011,0x0012,0x0013,0x009D,0x0085,0x0008,0x0087,0x0018,0x0019,0x0092,0x008F,0x001C,0x001D,0x001E,0x001F,
    0x0080,0x0081,0x0082,0x0083,0x0084,0x000A,0x0017,0x001B,0x0088,0x0089,0x008A,0x008B,0x008C,0x0005,0x0006,0x0007,
    0x0090,0x0091,0x0016,0x0093,0x0094,0x0095,0x0096,0x0004,0x0098,0x0099,0x009A,0x009B,0x0014,0x0015,0x009E,0x001A,
    0x0020,0x00A0,0x00E2,0x00E4,0x00E0,0x00E1,0x00E3,0x00E5,0x00E7,0x00A6,0x005B,0x002E,0x003C,0x0028,0x002B,0x007C,
    0x0026,0x00E9,0x00EA,0x00EB,0x00E8,0x00ED,0x00EE,0x00EF,0x00EC,0x00DF,0x005D,0x0024,0x002A,0x0029,0x003B,0x00AC,
    0x002D,0x002F,0x00C2,0x00C4,0x00C0,0x00C1,0x00C3,0x00C5,0x00C7,0x0023,0x00F1,0x002C,0x0025,0x005F,0x003E,0x003F,
    0x00F8,0x00C9,0x00CA,0x00CB,0x00C8,0x00CD,0x00CE,0x00CF,0x00CC,0x0060,0x003A,0x00D1,0x0040,0x0027,0x003D,0x0022,
    0x00D8,0x0061,0x0062,0x0063,0x0064,0x0065,0x0066,0x0067,0x0068,0x0069,0x00AB,0x00BB,0x00F0,0x00FD,0x00FE,0x00B1,
    0x00B0,0x006A,0x006B,0x006C,0x006D,0x006E,0x006F,0x0070,0x0071,0x0072,0x00AA,0x00BA,0x00E6,0x00B8,0x00C6,0x20AC,
    0x00B5,0x00A8,0x0073,0x0074,0x0075,0x0076,0x0077,0x0078,0x0079,0x007A,0x00A1,0x00BF,0x00D0,0x00DD,0x00DE,0x00AE,
    0x00A2,0x00A3,0x00A5,0x00B7,0x00A9,0x00A7,0x00B6,0x00BC,0x00BD,0x00BE,0x005E,0x0021,0x00AF,0x007E,0x00B4,0x00D7,
    0x007B,0x0041,0x0042,0x0043,0x0044,0x0045,0x0046,0x0047,0x0048,0x0049,0x00AD,0x00F4,0x00F6,0x00F2,0x00F3,0x00F5,
    0x007D,0x004A,0x004B,0x004C,0x004D,0x004E,0x004F,0x0050,0x0051,0x0052,0x00B9,0x00FB,0x00FC,0x00F9,0x00FA,0x00FF,
    0x005C,0x00F7,0x0053,0x0054,0x0055,0x0056,0x0057,0x0058,0x0059,0x005A,0x00B2,0x00D4,0x00D6,0x00D2,0x00D3,0x00D5,
    0x0030,0x0031,0x0032,0x0033,0x0034,0x0035,0x0036,0x0037,0x0038,0x0039,0x00B3,0x00DB,0x00DC,0x00D9,0x00DA,0x009F
  ]);

const t1146 = new Uint16Array([
    0x0000,0x0001,0x0002,0x0003,0x009C,0x0009,0x0086,0x007F,0x0097,0x008D,0x008E,0x000B,0x000C,0x000D,0x000E,0x000F,
    0x0010,0x0011,0x0012,0x0013,0x009D,0x0085,0x0008,0x0087,0x0018,0x0019,0x0092,0x008F,0x001C,0x001D,0x001E,0x001F,
    0x0080,0x0081,0x0082,0x0083,0x0084,0x000A,0x0017,0x001B,0x0088,0x0089,0x008A,0x008B,0x008C,0x0005,0x0006,0x0007,
    0x0090,0x0091,0x0016,0x0093,0x0094,0x0095,0x0096,0x0004,0x0098,0x0099,0x009A,0x009B,0x0014,0x0015,0x009E,0x001A,
    0x0020,0x00A0,0x00E2,0x00E4,0x00E0,0x00E1,0x00E3,0x00E5,0x00E7,0x00F1,0x0024,0x002E,0x003C,0x0028,0x002B,0x007C,
    0x0026,0x00E9,0x00EA,0x00EB,0x00E8,0x00ED,0x00EE,0x00EF,0x00EC,0x00DF,0x0021,0x00A3,0x002A,0x0029,0x003B,0x00AC,
    0x002D,0x002F,0x00C2,0x00C4,0x00C0,0x00C1,0x00C3,0x00C5,0x00C7,0x00D1,0x00A6,0x002C,0x0025,0x005F,0x003E,0x003F,
    0x00F8,0x00C9,0x00CA,0x00CB,0x00C8,0x00CD,0x00CE,0x00CF,0x00CC,0x0060,0x003A,0x0023,0x0040,0x0027,0x003D,0x0022,
    0x00D8,0x0061,0x0062,0x0063,0x0064,0x0065,0x0066,0x0067,0x0068,0x0069,0x00AB,0x00BB,0x00F0,0x00FD,0x00FE,0x00B1,
    0x00B0,0x006A,0x006B,0x006C,0x006D,0x006E,0x006F,0x0070,0x0071,0x0072,0x00AA,0x00BA,0x00E6,0x00B8,0x00C6,0x20AC,
    0x00B5,0x00AF,0x0073,0x0074,0x0075,0x0076,0x0077,0x0078,0x0079,0x007A,0x00A1,0x00BF,0x00D0,0x00DD,0x00DE,0x00AE,
    0x00A2,0x005B,0x00A5,0x00B7,0x00A9,0x00A7,0x00B6,0x00BC,0x00BD,0x00BE,0x005E,0x005D,0x007E,0x00A8,0x00B4,0x00D7,
    0x007B,0x0041,0x0042,0x0043,0x0044,0x0045,0x0046,0x0047,0x0048,0x0049,0x00AD,0x00F4,0x00F6,0x00F2,0x00F3,0x00F5,
    0x007D,0x004A,0x004B,0x004C,0x004D,0x004E,0x004F,0x0050,0x0051,0x0052,0x00B9,0x00FB,0x00FC,0x00F9,0x00FA,0x00FF,
    0x005C,0x00F7,0x0053,0x0054,0x0055,0x0056,0x0057,0x0058,0x0059,0x005A,0x00B2,0x00D4,0x00D6,0x00D2,0x00D3,0x00D5,
    0x0030,0x0031,0x0032,0x0033,0x0034,0x0035,0x0036,0x0037,0x0038,0x0039,0x00B3,0x00DB,0x00DC,0x00D9,0x00DA,0x009F
  ]);

const t1147 = new Uint16Array([
    0x0000,0x0001,0x0002,0x0003,0x009C,0x0009,0x0086,0x007F,0x0097,0x008D,0x008E,0x000B,0x000C,0x000D,0x000E,0x000F,
    0x0010,0x0011,0x0012,0x0013,0x009D,0x0085,0x0008,0x0087,0x0018,0x0019,0x0092,0x008F,0x001C,0x001D,0x001E,0x001F,
    0x0080,0x0081,0x0082,0x0083,0x0084,0x000A,0x0017,0x001B,0x0088,0x0089,0x008A,0x008B,0x008C,0x0005,0x0006,0x0007,
    0x0090,0x0091,0x0016,0x0093,0x0094,0x0095,0x0096,0x0004,0x0098,0x0099,0x009A,0x009B,0x0014,0x0015,0x009E,0x001A,
    0x0020,0x00A0,0x00E2,0x00E4,0x0040,0x00E1,0x00E3,0x00E5,0x005C,0x00F1,0x00B0,0x002E,0x003C,0x0028,0x002B,0x0021,
    0x0026,0x007B,0x00EA,0x00EB,0x007D,0x00ED,0x00EE,0x00EF,0x00EC,0x00DF,0x00A7,0x0024,0x002A,0x0029,0x003B,0x005E,
    0x002D,0x002F,0x00C2,0x00C4,0x00C0,0x00C1,0x00C3,0x00C5,0x00C7,0x00D1,0x00F9,0x002C,0x0025,0x005F,0x003E,0x003F,
    0x00F8,0x00C9,0x00CA,0x00CB,0x00C8,0x00CD,0x00CE,0x00CF,0x00CC,0x00B5,0x003A,0x00A3,0x00E0,0x0027,0x003D,0x0022,
    0x00D8,0x0061,0x0062,0x0063,0x0064,0x0065,0x0066,0x0067,0x0068,0x0069,0x00AB,0x00BB,0x00F0,0x00FD,0x00FE,0x00B1,
    0x005B,0x006A,0x006B,0x006C,0x006D,0x006E,0x006F,0x0070,0x0071,0x0072,0x00AA,0x00BA,0x00E6,0x00B8,0x00C6,0x20AC,
    0x0060,0x00A8,0x0073,0x0074,0x0075,0x0076,0x0077,0x0078,0x0079,0x007A,0x00A1,0x00BF,0x00D0,0x00DD,0x00DE,0x00AE,
    0x00A2,0x0023,0x00A5,0x00B7,0x00A9,0x005D,0x00B6,0x00BC,0x00BD,0x00BE,0x00AC,0x007C,0x00AF,0x007E,0x00B4,0x00D7,
    0x00E9,0x0041,0x0042,0x0043,0x0044,0x0045,0x0046,0x0047,0x0048,0x0049,0x00AD,0x00F4,0x00F6,0x00F2,0x00F3,0x00F5,
    0x00E8,0x004A,0x004B,0x004C,0x004D,0x004E,0x004F,0x0050,0x0051,0x0052,0x00B9,0x00FB,0x00FC,0x00A6,0x00FA,0x00FF,
    0x00E7,0x00F7,0x0053,0x0054,0x0055,0x0056,0x0057,0x0058,0x0059,0x005A,0x00B2,0x00D4,0x00D6,0x00D2,0x00D3,0x00D5,
    0x0030,0x0031,0x0032,0x0033,0x0034,0x0035,0x0036,0x0037,0x0038,0x0039,0x00B3,0x00DB,0x00DC,0x00D9,0x00DA,0x009F
  ]);

const t1148 = new Uint16Array([
    0x0000,0x0001,0x0002,0x0003,0x009C,0x0009,0x0086,0x007F,0x0097,0x008D,0x008E,0x000B,0x000C,0x000D,0x000E,0x000F,
    0x0010,0x0011,0x0012,0x0013,0x009D,0x0085,0x0008,0x0087,0x0018,0x0019,0x0092,0x008F,0x001C,0x001D,0x001E,0x001F,
    0x0080,0x0081,0x0082,0x0083,0x0084,0x000A,0x0017,0x001B,0x0088,0x0089,0x008A,0x008B,0x008C,0x0005,0x0006,0x0007,
    0x0090,0x0091,0x0016,0x0093,0x0094,0x0095,0x0096,0x0004,0x0098,0x0099,0x009A,0x009B,0x0014,0x0015,0x009E,0x001A,
    0x0020,0x00A0,0x00E2,0x00E4,0x00E0,0x00E1,0x00E3,0x00E5,0x00E7,0x00F1,0x005B,0x002E,0x003C,0x0028,0x002B,0x0021,
    0x0026,0x00E9,0x00EA,0x00EB,0x00E8,0x00ED,0x00EE,0x00EF,0x00EC,0x00DF,0x005D,0x0024,0x002A,0x0029,0x003B,0x005E,
    0x002D,0x002F,0x00C2,0x00C4,0x00C0,0x00C1,0x00C3,0x00C5,0x00C7,0x00D1,0x00A6,0x002C,0x0025,0x005F,0x003E,0x003F,
    0x00F8,0x00C9,0x00CA,0x00CB,0x00C8,0x00CD,0x00CE,0x00CF,0x00CC,0x0060,0x003A,0x0023,0x0040,0x0027,0x003D,0x0022,
    0x00D8,0x0061,0x0062,0x0063,0x0064,0x0065,0x0066,0x0067,0x0068,0x0069,0x00AB,0x00BB,0x00F0,0x00FD,0x00FE,0x00B1,
    0x00B0,0x006A,0x006B,0x006C,0x006D,0x006E,0x006F,0x0070,0x0071,0x0072,0x00AA,0x00BA,0x00E6,0x00B8,0x00C6,0x20AC,
    0x00B5,0x007E,0x0073,0x0074,0x0075,0x0076,0x0077,0x0078,0x0079,0x007A,0x00A1,0x00BF,0x00D0,0x00DD,0x00DE,0x00AE,
    0x00A2,0x00A3,0x00A5,0x00B7,0x00A9,0x00A7,0x00B6,0x00BC,0x00BD,0x00BE,0x00AC,0x007C,0x00AF,0x00A8,0x00B4,0x00D7,
    0x007B,0x0041,0x0042,0x0043,0x0044,0x0045,0x0046,0x0047,0x0048,0x0049,0x00AD,0x00F4,0x00F6,0x00F2,0x00F3,0x00F5,
    0x007D,0x004A,0x004B,0x004C,0x004D,0x004E,0x004F,0x0050,0x0051,0x0052,0x00B9,0x00FB,0x00FC,0x00F9,0x00FA,0x00FF,
    0x005C,0x00F7,0x0053,0x0054,0x0055,0x0056,0x0057,0x0058,0x0059,0x005A,0x00B2,0x00D4,0x00D6,0x00D2,0x00D3,0x00D5,
    0x0030,0x0031,0x0032,0x0033,0x0034,0x0035,0x0036,0x0037,0x0038,0x0039,0x00B3,0x00DB,0x00DC,0x00D9,0x00DA,0x009F
  ]);

const t1149 = new Uint16Array([
    0x0000,0x0001,0x0002,0x0003,0x009C,0x0009,0x0086,0x007F,0x0097,0x008D,0x008E,0x000B,0x000C,0x000D,0x000E,0x000F,
    0x0010,0x0011,0x0012,0x0013,0x009D,0x0085,0x0008,0x0087,0x0018,0x0019,0x0092,0x008F,0x001C,0x001D,0x001E,0x001F,
    0x0080,0x0081,0x0082,0x0083,0x0084,0x000A,0x0017,0x001B,0x0088,0x0089,0x008A,0x008B,0x008C,0x0005,0x0006,0x0007,
    0x0090,0x0091,0x0016,0x0093,0x0094,0x0095,0x0096,0x0004,0x0098,0x0099,0x009A,0x009B,0x0014,0x0015,0x009E,0x001A,
    0x0020,0x00A0,0x00E2,0x00E4,0x00E0,0x00E1,0x00E3,0x00E5,0x00E7,0x00F1,0x00DE,0x002E,0x003C,0x0028,0x002B,0x0021,
    0x0026,0x00E9,0x00EA,0x00EB,0x00E8,0x00ED,0x00EE,0x00EF,0x00EC,0x00DF,0x00C6,0x0024,0x002A,0x0029,0x003B,0x00D6,
    0x002D,0x002F,0x00C2,0x00C4,0x00C0,0x00C1,0x00C3,0x00C5,0x00C7,0x00D1,0x00A6,0x002C,0x0025,0x005F,0x003E,0x003F,
    0x00F8,0x00C9,0x00CA,0x00CB,0x00C8,0x00CD,0x00CE,0x00CF,0x00CC,0x00F0,0x003A,0x0023,0x00D0,0x0027,0x003D,0x0022,
    0x00D8,0x0061,0x0062,0x0063,0x0064,0x0065,0x0066,0x0067,0x0068,0x0069,0x00AB,0x00BB,0x0060,0x00FD,0x007B,0x00B1,
    0x00B0,0x006A,0x006B,0x006C,0x006D,0x006E,0x006F,0x0070,0x0071,0x0072,0x00AA,0x00BA,0x007D,0x00B8,0x005D,0x20AC,
    0x00B5,0x00F6,0x0073,0x0074,0x0075,0x0076,0x0077,0x0078,0x0079,0x007A,0x00A1,0x00BF,0x0040,0x00DD,0x005B,0x00AE,
    0x00A2,0x00A3,0x00A5,0x00B7,0x00A9,0x00A7,0x00B6,0x00BC,0x00BD,0x00BE,0x00AC,0x007C,0x00AF,0x00A8,0x005C,0x00D7,
    0x00FE,0x0041,0x0042,0x0043,0x0044,0x0045,0x0046,0x0047,0x0048,0x0049,0x00AD,0x00F4,0x007E,0x00F2,0x00F3,0x00F5,
    0x00E6,0x004A,0x004B,0x004C,0x004D,0x004E,0x004F,0x0050,0x0051,0x0052,0x00B9,0x00FB,0x00FC,0x00F9,0x00FA,0x00FF,
    0x00B4,0x00F7,0x0053,0x0054,0x0055,0x0056,0x0057,0x0058,0x0059,0x005A,0x00B2,0x00D4,0x005E,0x00D2,0x00D3,0x00D5,
    0x0030,0x0031,0x0032,0x0033,0x0034,0x0035,0x0036,0x0037,0x0038,0x0039,0x00B3,0x00DB,0x00DC,0x00D9,0x00DA,0x009F
  ]);

const t1153 = new Uint16Array([
    0x0000,0x0001,0x0002,0x0003,0x009C,0x0009,0x0086,0x007F,0x0097,0x008D,0x008E,0x000B,0x000C,0x000D,0x000E,0x000F,
    0x0010,0x0011,0x0012,0x0013,0x009D,0x0085,0x0008,0x0087,0x0018,0x0019,0x0092,0x008F,0x001C,0x001D,0x001E,0x001F,
    0x0080,0x0081,0x0082,0x0083,0x0084,0x000A,0x0017,0x001B,0x0088,0x0089,0x008A,0x008B,0x008C,0x0005,0x0006,0x0007,
    0x0090,0x0091,0x0016,0x0093,0x0094,0x0095,0x0096,0x0004,0x0098,0x0099,0x009A,0x009B,0x0014,0x0015,0x009E,0x001A,
    0x0020,0x00A0,0x00E2,0x00E4,0x0163,0x00E1,0x0103,0x010D,0x00E7,0x0107,0x005B,0x002E,0x003C,0x0028,0x002B,0x0021,
    0x0026,0x00E9,0x0119,0x00EB,0x016F,0x00ED,0x00EE,0x013E,0x013A,0x00DF,0x005D,0x0024,0x002A,0x0029,0x003B,0x005E,
    0x002D,0x002F,0x00C2,0x00C4,0x02DD,0x00C1,0x0102,0x010C,0x00C7,0x0106,0x007C,0x002C,0x0025,0x005F,0x003E,0x003F,
    0x02C7,0x00C9,0x0118,0x00CB,0x016E,0x00CD,0x00CE,0x013D,0x0139,0x0060,0x003A,0x0023,0x0040,0x0027,0x003D,0x0022,
    0x02D8,0x0061,0x0062,0x0063,0x0064,0x0065,0x0066,0x0067,0x0068,0x0069,0x015B,0x0148,0x0111,0x00FD,0x0159,0x015F,
    0x00B0,0x006A,0x006B,0x006C,0x006D,0x006E,0x006F,0x0070,0x0071,0x0072,0x0142,0x0144,0x0161,0x00B8,0x02DB,0x20AC,
    0x0105,0x007E,0x0073,0x0074,0x0075,0x0076,0x0077,0x0078,0x0079,0x007A,0x015A,0x0147,0x0110,0x00DD,0x0158,0x015E,
    0x02D9,0x0104,0x017C,0x0162,0x017B,0x00A7,0x017E,0x017A,0x017D,0x0179,0x0141,0x0143,0x0160,0x00A8,0x00B4,0x00D7,
    0x007B,0x0041,0x0042,0x0043,0x0044,0x0045,0x0046,0x0047,0x0048,0x0049,0x00AD,0x00F4,0x00F6,0x0155,0x00F3,0x0151,
    0x007D,0x004A,0x004B,0x004C,0x004D,0x004E,0x004F,0x0050,0x0051,0x0052,0x011A,0x0171,0x00FC,0x0165,0x00FA,0x011B,
    0x005C,0x00F7,0x0053,0x0054,0x0055,0x0056,0x0057,0x0058,0x0059,0x005A,0x010F,0x00D4,0x00D6,0x0154,0x00D3,0x0150,
    0x0030,0x0031,0x0032,0x0033,0x0034,0x0035,0x0036,0x0037,0x0038,0x0039,0x010E,0x0170,0x00DC,0x0164,0x00DA,0x009F
  ]);

const t1154 = new Uint16Array([
    0x0000,0x0001,0x0002,0x0003,0x009C,0x0009,0x0086,0x007F,0x0097,0x008D,0x008E,0x000B,0x000C,0x000D,0x000E,0x000F,
    0x0010,0x0011,0x0012,0x0013,0x009D,0x0085,0x0008,0x0087,0x0018,0x0019,0x0092,0x008F,0x001C,0x001D,0x001E,0x001F,
    0x0080,0x0081,0x0082,0x0083,0x0084,0x000A,0x0017,0x001B,0x0088,0x0089,0x008A,0x008B,0x008C,0x0005,0x0006,0x0007,
    0x0090,0x0091,0x0016,0x0093,0x0094,0x0095,0x0096,0x0004,0x0098,0x0099,0x009A,0x009B,0x0014,0x0015,0x009E,0x001A,
    0x0020,0x00A0,0x0452,0x0453,0x0451,0x0454,0x0455,0x0456,0x0457,0x0458,0x005B,0x002E,0x003C,0x0028,0x002B,0x0021,
    0x0026,0x0459,0x045A,0x045B,0x045C,0x045E,0x045F,0x042A,0x2116,0x0402,0x005D,0x0024,0x002A,0x0029,0x003B,0x005E,
    0x002D,0x002F,0x0403,0x0401,0x0404,0x0405,0x0406,0x0407,0x0408,0x0409,0x007C,0x002C,0x0025,0x005F,0x003E,0x003F,
    0x040A,0x040B,0x040C,0x00AD,0x040E,0x040F,0x044E,0x0430,0x0431,0x0060,0x003A,0x0023,0x0040,0x0027,0x003D,0x0022,
    0x0446,0x0061,0x0062,0x0063,0x0064,0x0065,0x0066,0x0067,0x0068,0x0069,0x0434,0x0435,0x0444,0x0433,0x0445,0x0438,
    0x0439,0x006A,0x006B,0x006C,0x006D,0x006E,0x006F,0x0070,0x0071,0x0072,0x043A,0x043B,0x043C,0x043D,0x043E,0x043F,
    0x044F,0x007E,0x0073,0x0074,0x0075,0x0076,0x0077,0x0078,0x0079,0x007A,0x0440,0x0441,0x0442,0x0443,0x0436,0x0432,
    0x044C,0x044B,0x0437,0x0448,0x044D,0x0449,0x0447,0x044A,0x042E,0x0410,0x0411,0x0426,0x0414,0x0415,0x0424,0x0413,
    0x007B,0x0041,0x0042,0x0043,0x0044,0x0045,0x0046,0x0047,0x0048,0x0049,0x0425,0x0418,0x0419,0x041A,0x041B,0x041C,
    0x007D,0x004A,0x004B,0x004C,0x004D,0x004E,0x004F,0x0050,0x0051,0x0052,0x041D,0x041E,0x041F,0x042F,0x0420,0x0421,
    0x005C,0x20AC,0x0053,0x0054,0x0055,0x0056,0x0057,0x0058,0x0059,0x005A,0x0422,0x0423,0x0416,0x0412,0x042C,0x042B,
    0x0030,0x0031,0x0032,0x0033,0x0034,0x0035,0x0036,0x0037,0x0038,0x0039,0x0417,0x0428,0x042D,0x0429,0x0427,0x009F
  ]);

const t1155 = new Uint16Array([
    0x0000,0x0001,0x0002,0x0003,0x009C,0x0009,0x0086,0x007F,0x0097,0x008D,0x008E,0x000B,0x000C,0x000D,0x000E,0x000F,
    0x0010,0x0011,0x0012,0x0013,0x009D,0x0085,0x0008,0x0087,0x0018,0x0019,0x0092,0x008F,0x001C,0x001D,0x001E,0x001F,
    0x0080,0x0081,0x0082,0x0083,0x0084,0x000A,0x0017,0x001B,0x0088,0x0089,0x008A,0x008B,0x008C,0x0005,0x0006,0x0007,
    0x0090,0x0091,0x0016,0x0093,0x0094,0x0095,0x0096,0x0004,0x0098,0x0099,0x009A,0x009B,0x0014,0x0015,0x009E,0x001A,
    0x0020,0x00A0,0x00E2,0x00E4,0x00E0,0x00E1,0x00E3,0x00E5,0x007B,0x00F1,0x00C7,0x002E,0x003C,0x0028,0x002B,0x0021,
    0x0026,0x00E9,0x00EA,0x00EB,0x00E8,0x00ED,0x00EE,0x00EF,0x00EC,0x00DF,0x011E,0x0130,0x002A,0x0029,0x003B,0x005E,
    0x002D,0x002F,0x00C2,0x00C4,0x00C0,0x00C1,0x00C3,0x00C5,0x005B,0x00D1,0x015F,0x002C,0x0025,0x005F,0x003E,0x003F,
    0x00F8,0x00C9,0x00CA,0x00CB,0x00C8,0x00CD,0x00CE,0x00CF,0x00CC,0x0131,0x003A,0x00D6,0x015E,0x0027,0x003D,0x00DC,
    0x00D8,0x0061,0x0062,0x0063,0x0064,0x0065,0x0066,0x0067,0x0068,0x0069,0x00AB,0x00BB,0x007D,0x0060,0x00A6,0x00B1,
    0x00B0,0x006A,0x006B,0x006C,0x006D,0x006E,0x006F,0x0070,0x0071,0x0072,0x20BA,0x00BA,0x00E6,0x00B8,0x00C6,0x20AC,
    0x00B5,0x00F6,0x0073,0x0074,0x0075,0x0076,0x0077,0x0078,0x0079,0x007A,0x00A1,0x00BF,0x005D,0x0024,0x0040,0x00AE,
    0x00A2,0x00A3,0x00A5,0x00B7,0x00A9,0x00A7,0x00B6,0x00BC,0x00BD,0x00BE,0x00AC,0x007C,0x00AF,0x00A8,0x00B4,0x00D7,
    0x00E7,0x0041,0x0042,0x0043,0x0044,0x0045,0x0046,0x0047,0x0048,0x0049,0x00AD,0x00F4,0x007E,0x00F2,0x00F3,0x00F5,
    0x011F,0x004A,0x004B,0x004C,0x004D,0x004E,0x004F,0x0050,0x0051,0x0052,0x00B9,0x00FB,0x005C,0x00F9,0x00FA,0x00FF,
    0x00FC,0x00F7,0x0053,0x0054,0x0055,0x0056,0x0057,0x0058,0x0059,0x005A,0x00B2,0x00D4,0x0023,0x00D2,0x00D3,0x00D5,
    0x0030,0x0031,0x0032,0x0033,0x0034,0x0035,0x0036,0x0037,0x0038,0x0039,0x00B3,0x00DB,0x0022,0x00D9,0x00DA,0x009F
  ]);

const t1156 = new Uint16Array([
    0x0000,0x0001,0x0002,0x0003,0x009C,0x0009,0x0086,0x007F,0x0097,0x008D,0x008E,0x000B,0x000C,0x000D,0x000E,0x000F,
    0x0010,0x0011,0x0012,0x0013,0x009D,0x0085,0x0008,0x0087,0x0018,0x0019,0x0092,0x008F,0x001C,0x001D,0x001E,0x001F,
    0x0080,0x0081,0x0082,0x0083,0x0084,0x000A,0x0017,0x001B,0x0088,0x0089,0x008A,0x008B,0x008C,0x0005,0x0006,0x0007,
    0x0090,0x0091,0x0016,0x0093,0x0094,0x0095,0x0096,0x0004,0x0098,0x0099,0x009A,0x009B,0x0014,0x0015,0x009E,0x001A,
    0x0020,0x00A0,0x0161,0x00E4,0x0105,0x012F,0x016B,0x00E5,0x0113,0x017E,0x00A2,0x002E,0x003C,0x0028,0x002B,0x007C,
    0x0026,0x00E9,0x0119,0x0117,0x010D,0x0173,0x201E,0x201C,0x0123,0x00DF,0x0021,0x0024,0x002A,0x0029,0x003B,0x00AC,
    0x002D,0x002F,0x0160,0x00C4,0x0104,0x012E,0x016A,0x00C5,0x0112,0x017D,0x00A6,0x002C,0x0025,0x005F,0x003E,0x003F,
    0x00F8,0x00C9,0x0118,0x0116,0x010C,0x0172,0x012A,0x013B,0x0122,0x0060,0x003A,0x0023,0x0040,0x0027,0x003D,0x0022,
    0x00D8,0x0061,0x0062,0x0063,0x0064,0x0065,0x0066,0x0067,0x0068,0x0069,0x00AB,0x00BB,0x0101,0x017C,0x0144,0x00B1,
    0x00B0,0x006A,0x006B,0x006C,0x006D,0x006E,0x006F,0x0070,0x0071,0x0072,0x0156,0x0157,0x00E6,0x0137,0x00C6,0x20AC,
    0x00B5,0x007E,0x0073,0x0074,0x0075,0x0076,0x0077,0x0078,0x0079,0x007A,0x201D,0x017A,0x0100,0x017B,0x0143,0x00AE,
    0x005E,0x00A3,0x012B,0x00B7,0x00A9,0x00A7,0x00B6,0x00BC,0x00BD,0x00BE,0x005B,0x005D,0x0179,0x0136,0x013C,0x00D7,
    0x007B,0x0041,0x0042,0x0043,0x0044,0x0045,0x0046,0x0047,0x0048,0x0049,0x00AD,0x014D,0x00F6,0x0146,0x00F3,0x00F5,
    0x007D,0x004A,0x004B,0x004C,0x004D,0x004E,0x004F,0x0050,0x0051,0x0052,0x00B9,0x0107,0x00FC,0x0142,0x015B,0x2019,
    0x005C,0x00F7,0x0053,0x0054,0x0055,0x0056,0x0057,0x0058,0x0059,0x005A,0x00B2,0x014C,0x00D6,0x0145,0x00D3,0x00D5,
    0x0030,0x0031,0x0032,0x0033,0x0034,0x0035,0x0036,0x0037,0x0038,0x0039,0x00B3,0x0106,0x00DC,0x0141,0x015A,0x009F
  ]);

const t1157 = new Uint16Array([
    0x0000,0x0001,0x0002,0x0003,0x009C,0x0009,0x0086,0x007F,0x0097,0x008D,0x008E,0x000B,0x000C,0x000D,0x000E,0x000F,
    0x0010,0x0011,0x0012,0x0013,0x009D,0x0085,0x0008,0x0087,0x0018,0x0019,0x0092,0x008F,0x001C,0x001D,0x001E,0x001F,
    0x0080,0x0081,0x0082,0x0083,0x0084,0x000A,0x0017,0x001B,0x0088,0x0089,0x008A,0x008B,0x008C,0x0005,0x0006,0x0007,
    0x0090,0x0091,0x0016,0x0093,0x0094,0x0095,0x0096,0x0004,0x0098,0x0099,0x009A,0x009B,0x0014,0x0015,0x009E,0x001A,
    0x0020,0x00A0,0x00E2,0x007B,0x00E0,0x00E1,0x00E3,0x007D,0x00E7,0x00F1,0x00A7,0x002E,0x003C,0x0028,0x002B,0x0021,
    0x0026,0x0060,0x00EA,0x00EB,0x00E8,0x00ED,0x00EE,0x00EF,0x00EC,0x00DF,0x20AC,0x00C5,0x002A,0x0029,0x003B,0x005E,
    0x002D,0x002F,0x00C2,0x0023,0x00C0,0x00C1,0x00C3,0x0024,0x00C7,0x00D1,0x00F6,0x002C,0x0025,0x005F,0x003E,0x003F,
    0x00F8,0x005C,0x00CA,0x00CB,0x00C8,0x00CD,0x00CE,0x00CF,0x00CC,0x00E9,0x003A,0x00C4,0x00D6,0x0027,0x003D,0x0022,
    0x00D8,0x0061,0x0062,0x0063,0x0064,0x0065,0x0066,0x0067,0x0068,0x0069,0x00AB,0x00BB,0x0161,0x00FD,0x017E,0x00B1,
    0x00B0,0x006A,0x006B,0x006C,0x006D,0x006E,0x006F,0x0070,0x0071,0x0072,0x00AA,0x00BA,0x00E6,0x00B8,0x00C6,0x005D,
    0x00B5,0x00FC,0x0073,0x0074,0x0075,0x0076,0x0077,0x0078,0x0079,0x007A,0x00A1,0x00BF,0x0160,0x00DD,0x017D,0x00AE,
    0x00A2,0x00A3,0x00A5,0x00B7,0x00A9,0x005B,0x00B6,0x00BC,0x00BD,0x00BE,0x00AC,0x007C,0x00AF,0x00A8,0x00B4,0x00D7,
    0x00E4,0x0041,0x0042,0x0043,0x0044,0x0045,0x0046,0x0047,0x0048,0x0049,0x00AD,0x00F4,0x00A6,0x00F2,0x00F3,0x00F5,
    0x00E5,0x004A,0x004B,0x004C,0x004D,0x004E,0x004F,0x0050,0x0051,0x0052,0x00B9,0x00FB,0x007E,0x00F9,0x00FA,0x00FF,
    0x00C9,0x00F7,0x0053,0x0054,0x0055,0x0056,0x0057,0x0058,0x0059,0x005A,0x00B2,0x00D4,0x0040,0x00D2,0x00D3,0x00D5,
    0x0030,0x0031,0x0032,0x0033,0x0034,0x0035,0x0036,0x0037,0x0038,0x0039,0x00B3,0x00DB,0x00DC,0x00D9,0x00DA,0x009F
  ]);

const t1158 = new Uint16Array([
    0x0000,0x0001,0x0002,0x0003,0x009C,0x0009,0x0086,0x007F,0x0097,0x008D,0x008E,0x000B,0x000C,0x000D,0x000E,0x000F,
    0x0010,0x0011,0x0012,0x0013,0x009D,0x0085,0x0008,0x0087,0x0018,0x0019,0x0092,0x008F,0x001C,0x001D,0x001E,0x001F,
    0x0080,0x0081,0x0082,0x0083,0x0084,0x000A,0x0017,0x001B,0x0088,0x0089,0x008A,0x008B,0x008C,0x0005,0x0006,0x0007,
    0x0090,0x0091,0x0016,0x0093,0x0094,0x0095,0x0096,0x0004,0x0098,0x0099,0x009A,0x009B,0x0014,0x0015,0x009E,0x001A,
    0x0020,0x00A0,0x0452,0x0491,0x0451,0x0454,0x0455,0x0456,0x0457,0x0458,0x005B,0x002E,0x003C,0x0028,0x002B,0x0021,
    0x0026,0x0459,0x045A,0x045B,0x045C,0x045E,0x045F,0x042A,0x2116,0x0402,0x005D,0x0024,0x002A,0x0029,0x003B,0x005E,
    0x002D,0x002F,0x0490,0x0401,0x0404,0x0405,0x0406,0x0407,0x0408,0x0409,0x007C,0x002C,0x0025,0x005F,0x003E,0x003F,
    0x040A,0x040B,0x040C,0x00AD,0x040E,0x040F,0x044E,0x0430,0x0431,0x0060,0x003A,0x0023,0x0040,0x0027,0x003D,0x0022,
    0x0446,0x0061,0x0062,0x0063,0x0064,0x0065,0x0066,0x0067,0x0068,0x0069,0x0434,0x0435,0x0444,0x0433,0x0445,0x0438,
    0x0439,0x006A,0x006B,0x006C,0x006D,0x006E,0x006F,0x0070,0x0071,0x0072,0x043A,0x043B,0x043C,0x043D,0x043E,0x043F,
    0x044F,0x007E,0x0073,0x0074,0x0075,0x0076,0x0077,0x0078,0x0079,0x007A,0x0440,0x0441,0x0442,0x0443,0x0436,0x0432,
    0x044C,0x044B,0x0437,0x0448,0x044D,0x0449,0x0447,0x044A,0x042E,0x0410,0x0411,0x0426,0x0414,0x0415,0x0424,0x0413,
    0x007B,0x0041,0x0042,0x0043,0x0044,0x0045,0x0046,0x0047,0x0048,0x0049,0x0425,0x0418,0x0419,0x041A,0x041B,0x041C,
    0x007D,0x004A,0x004B,0x004C,0x004D,0x004E,0x004F,0x0050,0x0051,0x0052,0x041D,0x041E,0x041F,0x042F,0x0420,0x0421,
    0x005C,0x20AC,0x0053,0x0054,0x0055,0x0056,0x0057,0x0058,0x0059,0x005A,0x0422,0x0423,0x0416,0x0412,0x042C,0x042B,
    0x0030,0x0031,0x0032,0x0033,0x0034,0x0035,0x0036,0x0037,0x0038,0x0039,0x0417,0x0428,0x042D,0x0429,0x0427,0x009F
  ]);

const t1159 = new Uint16Array([
    0x0000,0x0001,0x0002,0x0003,0x009C,0x0009,0x0086,0x007F,0x0097,0x008D,0x008E,0x000B,0x000C,0x000D,0x000E,0x000F,
    0x0010,0x0011,0x0012,0x0013,0x009D,0x0085,0x0008,0x0087,0x0018,0x0019,0x0092,0x008F,0x001C,0x001D,0x001E,0x001F,
    0x0080,0x0081,0x0082,0x0083,0x0084,0x000A,0x0017,0x001B,0x0088,0x0089,0x008A,0x008B,0x008C,0x0005,0x0006,0x0007,
    0x0090,0x0091,0x0016,0x0093,0x0094,0x0095,0x0096,0x0004,0x0098,0x0099,0x009A,0x009B,0x0014,0x0015,0x009E,0x001A,
    0x0020,0xFFFD,0xFFFD,0xFFFD,0xFFFD,0xFFFD,0xFFFD,0xFFFD,0xFFFD,0xFFFD,0x00A2,0x002E,0x003C,0x0028,0x002B,0x007C,
    0x0026,0xFFFD,0xFFFD,0xFFFD,0xFFFD,0xFFFD,0xFFFD,0xFFFD,0xFFFD,0xFFFD,0x0021,0x0024,0x002A,0x0029,0x003B,0x00AC,
    0x002D,0x002F,0xFFFD,0xFFFD,0xFFFD,0xFFFD,0xFFFD,0xFFFD,0xFFFD,0xFFFD,0x00A6,0x002C,0x0025,0x005F,0x003E,0x003F,
    0xFFFD,0xFFFD,0xFFFD,0xFFFD,0xFFFD,0xFFFD,0xFFFD,0xFFFD,0xFFFD,0x0060,0x003A,0x0023,0x0040,0x0027,0x003D,0x0022,
    0xFFFD,0x0061,0x0062,0x0063,0x0064,0x0065,0x0066,0x0067,0x0068,0x0069,0xFFFD,0xFFFD,0xFFFD,0xFFFD,0xFFFD,0xFFFD,
    0xFFFD,0x006A,0x006B,0x006C,0x006D,0x006E,0x006F,0x0070,0x0071,0x0072,0xFFFD,0xFFFD,0xFFFD,0xFFFD,0xFFFD,0x20AC,
    0xFFFD,0x007E,0x0073,0x0074,0x0075,0x0076,0x0077,0x0078,0x0079,0x007A,0xFFFD,0xFFFD,0xFFFD,0xFFFD,0xFFFD,0xFFFD,
    0x005E,0xFFFD,0xFFFD,0xFFFD,0xFFFD,0xFFFD,0xFFFD,0xFFFD,0xFFFD,0xFFFD,0x005B,0x005D,0xFFFD,0xFFFD,0xFFFD,0xFFFD,
    0x007B,0x0041,0x0042,0x0043,0x0044,0x0045,0x0046,0x0047,0x0048,0x0049,0xFFFD,0xFFFD,0xFFFD,0xFFFD,0xFFFD,0xFFFD,
    0x007D,0x004A,0x004B,0x004C,0x004D,0x004E,0x004F,0x0050,0x0051,0x0052,0xFFFD,0xFFFD,0xFFFD,0xFFFD,0xFFFD,0xFFFD,
    0x005C,0xFFFD,0x0053,0x0054,0x0055,0x0056,0x0057,0x0058,0x0059,0x005A,0xFFFD,0xFFFD,0xFFFD,0xFFFD,0xFFFD,0xFFFD,
    0x0030,0x0031,0x0032,0x0033,0x0034,0x0035,0x0036,0x0037,0x0038,0x0039,0xFFFD,0xFFFD,0xFFFD,0xFFFD,0xFFFD,0x009F
  ]);

const t1160 = new Uint16Array([
    0x0000,0x0001,0x0002,0x0003,0x009C,0x0009,0x0086,0x007F,0x0097,0x008D,0x008E,0x000B,0x000C,0x000D,0x000E,0x000F,
    0x0010,0x0011,0x0012,0x0013,0x009D,0x0085,0x0008,0x0087,0x0018,0x0019,0x0092,0x008F,0x001C,0x001D,0x001E,0x001F,
    0x0080,0x0081,0x0082,0x0083,0x0084,0x000A,0x0017,0x001B,0x0088,0x0089,0x008A,0x008B,0x008C,0x0005,0x0006,0x0007,
    0x0090,0x0091,0x0016,0x0093,0x0094,0x0095,0x0096,0x0004,0x0098,0x0099,0x009A,0x009B,0x0014,0x0015,0x009E,0x001A,
    0x0020,0x00A0,0x0E01,0x0E02,0x0E03,0x0E04,0x0E05,0x0E06,0x0E07,0x005B,0x00A2,0x002E,0x003C,0x0028,0x002B,0x007C,
    0x0026,0x0E48,0x0E08,0x0E09,0x0E0A,0x0E0B,0x0E0C,0x0E0D,0x0E0E,0x005D,0x0021,0x0024,0x002A,0x0029,0x003B,0x00AC,
    0x002D,0x002F,0x0E0F,0x0E10,0x0E11,0x0E12,0x0E13,0x0E14,0x0E15,0x005E,0x00A6,0x002C,0x0025,0x005F,0x003E,0x003F,
    0x0E3F,0x0E4E,0x0E16,0x0E17,0x0E18,0x0E19,0x0E1A,0x0E1B,0x0E1C,0x0060,0x003A,0x0023,0x0040,0x0027,0x003D,0x0022,
    0x0E4F,0x0061,0x0062,0x0063,0x0064,0x0065,0x0066,0x0067,0x0068,0x0069,0x0E1D,0x0E1E,0x0E1F,0x0E20,0x0E21,0x0E22,
    0x0E5A,0x006A,0x006B,0x006C,0x006D,0x006E,0x006F,0x0070,0x0071,0x0072,0x0E23,0x0E24,0x0E25,0x0E26,0x0E27,0x0E28,
    0x0E5B,0x007E,0x0073,0x0074,0x0075,0x0076,0x0077,0x0078,0x0079,0x007A,0x0E29,0x0E2A,0x0E2B,0x0E2C,0x0E2D,0x0E2E,
    0x0E50,0x0E51,0x0E52,0x0E53,0x0E54,0x0E55,0x0E56,0x0E57,0x0E58,0x0E59,0x0E2F,0x0E30,0x0E31,0x0E32,0x0E33,0x0E34,
    0x007B,0x0041,0x0042,0x0043,0x0044,0x0045,0x0046,0x0047,0x0048,0x0049,0x0E49,0x0E35,0x0E36,0x0E37,0x0E38,0x0E39,
    0x007D,0x004A,0x004B,0x004C,0x004D,0x004E,0x004F,0x0050,0x0051,0x0052,0x0E3A,0x0E40,0x0E41,0x0E42,0x0E43,0x0E44,
    0x005C,0x0E4A,0x0053,0x0054,0x0055,0x0056,0x0057,0x0058,0x0059,0x005A,0x0E45,0x0E46,0x0E47,0x0E48,0x0E49,0x0E4A,
    0x0030,0x0031,0x0032,0x0033,0x0034,0x0035,0x0036,0x0037,0x0038,0x0039,0x0E4B,0x0E4C,0x0E4D,0x0E4B,0x20AC,0x009F
  ]);

const t1161 = new Uint16Array([
    0x0000,0x0001,0x0002,0x0003,0x0004,0x0005,0x0006,0x0007,0x0008,0x0009,0x000A,0x000B,0x000C,0x000D,0x000E,0x000F,
    0x0010,0x0011,0x0012,0x0013,0x0014,0x0015,0x0016,0x0017,0x0018,0x0019,0x001C,0x001B,0x007F,0x001D,0x001E,0x001F,
    0x0020,0x0021,0x0022,0x0023,0x0024,0x0025,0x0026,0x0027,0x0028,0x0029,0x002A,0x002B,0x002C,0x002D,0x002E,0x002F,
    0x0030,0x0031,0x0032,0x0033,0x0034,0x0035,0x0036,0x0037,0x0038,0x0039,0x003A,0x003B,0x003C,0x003D,0x003E,0x003F,
    0x0040,0x0041,0x0042,0x0043,0x0044,0x0045,0x0046,0x0047,0x0048,0x0049,0x004A,0x004B,0x004C,0x004D,0x004E,0x004F,
    0x0050,0x0051,0x0052,0x0053,0x0054,0x0055,0x0056,0x0057,0x0058,0x0059,0x005A,0x005B,0x005C,0x005D,0x005E,0x005F,
    0x0060,0x0061,0x0062,0x0063,0x0064,0x0065,0x0066,0x0067,0x0068,0x0069,0x006A,0x006B,0x006C,0x006D,0x006E,0x006F,
    0x0070,0x0071,0x0072,0x0073,0x0074,0x0075,0x0076,0x0077,0x0078,0x0079,0x007A,0x007B,0x007C,0x007D,0x007E,0x001A,
    0xFFFD,0xFFFD,0xFFFD,0xFFFD,0xFFFD,0xFFFD,0xFFFD,0xFFFD,0xFFFD,0xFFFD,0xFFFD,0xFFFD,0xFFFD,0xFFFD,0xFFFD,0xFFFD,
    0xFFFD,0xFFFD,0xFFFD,0xFFFD,0xFFFD,0xFFFD,0xFFFD,0xFFFD,0xFFFD,0xFFFD,0xFFFD,0xFFFD,0xFFFD,0xFFFD,0xFFFD,0xFFFD,
    0x0E48,0x0E01,0x0E02,0x0E03,0x0E04,0x0E05,0x0E06,0x0E07,0x0E08,0x0E09,0x0E0A,0x0E0B,0x0E0C,0x0E0D,0x0E0E,0x0E0F,
    0x0E10,0x0E11,0x0E12,0x0E13,0x0E14,0x0E15,0x0E16,0x0E17,0x0E18,0x0E19,0x0E1A,0x0E1B,0x0E1C,0x0E1D,0x0E1E,0x0E1F,
    0x0E20,0x0E21,0x0E22,0x0E23,0x0E24,0x0E25,0x0E26,0x0E27,0x0E28,0x0E29,0x0E2A,0x0E2B,0x0E2C,0x0E2D,0x0E2E,0x0E2F,
    0x0E30,0x0E31,0x0E32,0x0E33,0x0E34,0x0E35,0x0E36,0x0E37,0x0E38,0x0E39,0x0E3A,0x0E49,0x0E4A,0x0E4B,0x20AC,0x0E3F,
    0x0E40,0x0E41,0x0E42,0x0E43,0x0E44,0x0E45,0x0E46,0x0E47,0x0E48,0x0E49,0x0E4A,0x0E4B,0x0E4C,0x0E4D,0x0E4E,0x0E4F,
    0x0E50,0x0E51,0x0E52,0x0E53,0x0E54,0x0E55,0x0E56,0x0E57,0x0E58,0x0E59,0x0E5A,0x0E5B,0x00A2,0x00AC,0x00A6,0x00A0
  ]);

const t1165 = new Uint16Array([
    0x0000,0x0001,0x0002,0x0003,0x009C,0x0009,0x0086,0x007F,0x0097,0x008D,0x008E,0x000B,0x000C,0x000D,0x000E,0x000F,
    0x0010,0x0011,0x0012,0x0013,0x009D,0x0085,0x0008,0x0087,0x0018,0x0019,0x0092,0x008F,0x001C,0x001D,0x001E,0x001F,
    0x0080,0x0081,0x0082,0x0083,0x0084,0x000A,0x0017,0x001B,0x0088,0x0089,0x008A,0x008B,0x008C,0x0005,0x0006,0x0007,
    0x0090,0x0091,0x0016,0x0093,0x0094,0x0095,0x0096,0x0004,0x0098,0x0099,0x009A,0x009B,0x0014,0x0015,0x009E,0x001A,
    0x0020,0x00A0,0x00E2,0x00E4,0x0163,0x00E1,0x0103,0x010D,0x00E7,0x0107,0x00DD,0x002E,0x003C,0x0028,0x002B,0x007C,
    0x0026,0x00E9,0x0119,0x00EB,0x016F,0x00ED,0x00EE,0x013E,0x013A,0x00DF,0x0021,0x0024,0x002A,0x0029,0x003B,0x005E,
    0x002D,0x002F,0x00C2,0x00C4,0x02DD,0x00C1,0x0102,0x010C,0x00C7,0x0106,0x00A8,0x002C,0x0025,0x005F,0x003E,0x003F,
    0x02C7,0x00C9,0x0118,0x00CB,0x016E,0x00CD,0x00CE,0x013D,0x0139,0x0060,0x003A,0x0023,0x0040,0x0027,0x003D,0x0022,
    0x02D8,0x0061,0x0062,0x0063,0x0064,0x0065,0x0066,0x0067,0x0068,0x0069,0x015B,0x0148,0x0111,0x00FD,0x0159,0x015F,
    0x00B0,0x006A,0x006B,0x006C,0x006D,0x006E,0x006F,0x0070,0x0071,0x0072,0x0142,0x0144,0x0161,0x00B8,0x02DB,0x20AC,
    0x0105,0x007E,0x0073,0x0074,0x0075,0x0076,0x0077,0x0078,0x0079,0x007A,0x015A,0x0147,0x0110,0x005B,0x0158,0x015E,
    0x02D9,0x0104,0x017C,0x0162,0x017B,0x00A7,0x017E,0x017A,0x017D,0x0179,0x0141,0x0143,0x0160,0x005D,0x00B4,0x00D7,
    0x007B,0x0041,0x0042,0x0043,0x0044,0x0045,0x0046,0x0047,0x0048,0x0049,0x00AD,0x00F4,0x00F6,0x0155,0x00F3,0x0151,
    0x007D,0x004A,0x004B,0x004C,0x004D,0x004E,0x004F,0x0050,0x0051,0x0052,0x011A,0x0171,0x00FC,0x0165,0x00FA,0x011B,
    0x005C,0x00F7,0x0053,0x0054,0x0055,0x0056,0x0057,0x0058,0x0059,0x005A,0x010F,0x00D4,0x00D6,0x0154,0x00D3,0x0150,
    0x0030,0x0031,0x0032,0x0033,0x0034,0x0035,0x0036,0x0037,0x0038,0x0039,0x010E,0x0170,0x00DC,0x0164,0x00DA,0x009F
  ]);

const t1250 = new Uint16Array([
    0x0000,0x0001,0x0002,0x0003,0x0004,0x0005,0x0006,0x0007,0x0008,0x0009,0x000A,0x000B,0x000C,0x000D,0x000E,0x000F,
    0x0010,0x0011,0x0012,0x0013,0x0014,0x0015,0x0016,0x0017,0x0018,0x0019,0x001A,0x001B,0x001C,0x001D,0x001E,0x001F,
    0x0020,0x0021,0x0022,0x0023,0x0024,0x0025,0x0026,0x0027,0x0028,0x0029,0x002A,0x002B,0x002C,0x002D,0x002E,0x002F,
    0x0030,0x0031,0x0032,0x0033,0x0034,0x0035,0x0036,0x0037,0x0038,0x0039,0x003A,0x003B,0x003C,0x003D,0x003E,0x003F,
    0x0040,0x0041,0x0042,0x0043,0x0044,0x0045,0x0046,0x0047,0x0048,0x0049,0x004A,0x004B,0x004C,0x004D,0x004E,0x004F,
    0x0050,0x0051,0x0052,0x0053,0x0054,0x0055,0x0056,0x0057,0x0058,0x0059,0x005A,0x005B,0x005C,0x005D,0x005E,0x005F,
    0x0060,0x0061,0x0062,0x0063,0x0064,0x0065,0x0066,0x0067,0x0068,0x0069,0x006A,0x006B,0x006C,0x006D,0x006E,0x006F,
    0x0070,0x0071,0x0072,0x0073,0x0074,0x0075,0x0076,0x0077,0x0078,0x0079,0x007A,0x007B,0x007C,0x007D,0x007E,0x007F,
    0x0080,0x0081,0x201A,0x0083,0x201E,0x2026,0x2020,0x2021,0x0088,0x2030,0x0160,0x2039,0x015A,0x0164,0x017D,0x0179,
    0x0090,0x2018,0x2019,0x201C,0x201D,0x2022,0x2013,0x2014,0x0098,0x2122,0x0161,0x203A,0x015B,0x0165,0x017E,0x017A,
    0x00A0,0x02C7,0x02D8,0x0141,0x00A4,0x0104,0x00A6,0x00A7,0x00A8,0x00A9,0x015E,0x00AB,0x00AC,0x00AD,0x00AE,0x017B,
    0x00B0,0x00B1,0x02DB,0x0142,0x00B4,0x00B5,0x00B6,0x00B7,0x00B8,0x0105,0x015F,0x00BB,0x013D,0x02DD,0x013E,0x017C,
    0x0154,0x00C1,0x00C2,0x0102,0x00C4,0x0139,0x0106,0x00C7,0x010C,0x00C9,0x0118,0x00CB,0x011A,0x00CD,0x00CE,0x010E,
    0x0110,0x0143,0x0147,0x00D3,0x00D4,0x0150,0x00D6,0x00D7,0x0158,0x016E,0x00DA,0x0170,0x00DC,0x00DD,0x0162,0x00DF,
    0x0155,0x00E1,0x00E2,0x0103,0x00E4,0x013A,0x0107,0x00E7,0x010D,0x00E9,0x0119,0x00EB,0x011B,0x00ED,0x00EE,0x010F,
    0x0111,0x0144,0x0148,0x00F3,0x00F4,0x0151,0x00F6,0x00F7,0x0159,0x016F,0x00FA,0x0171,0x00FC,0x00FD,0x0163,0x02D9
  ]);

const t1251 = new Uint16Array([
    0x0000,0x0001,0x0002,0x0003,0x0004,0x0005,0x0006,0x0007,0x0008,0x0009,0x000A,0x000B,0x000C,0x000D,0x000E,0x000F,
    0x0010,0x0011,0x0012,0x0013,0x0014,0x0015,0x0016,0x0017,0x0018,0x0019,0x001A,0x001B,0x001C,0x001D,0x001E,0x001F,
    0x0020,0x0021,0x0022,0x0023,0x0024,0x0025,0x0026,0x0027,0x0028,0x0029,0x002A,0x002B,0x002C,0x002D,0x002E,0x002F,
    0x0030,0x0031,0x0032,0x0033,0x0034,0x0035,0x0036,0x0037,0x0038,0x0039,0x003A,0x003B,0x003C,0x003D,0x003E,0x003F,
    0x0040,0x0041,0x0042,0x0043,0x0044,0x0045,0x0046,0x0047,0x0048,0x0049,0x004A,0x004B,0x004C,0x004D,0x004E,0x004F,
    0x0050,0x0051,0x0052,0x0053,0x0054,0x0055,0x0056,0x0057,0x0058,0x0059,0x005A,0x005B,0x005C,0x005D,0x005E,0x005F,
    0x0060,0x0061,0x0062,0x0063,0x0064,0x0065,0x0066,0x0067,0x0068,0x0069,0x006A,0x006B,0x006C,0x006D,0x006E,0x006F,
    0x0070,0x0071,0x0072,0x0073,0x0074,0x0075,0x0076,0x0077,0x0078,0x0079,0x007A,0x007B,0x007C,0x007D,0x007E,0x007F,
    0x0402,0x0403,0x201A,0x0453,0x201E,0x2026,0x2020,0x2021,0x0088,0x2030,0x0409,0x2039,0x040A,0x040C,0x040B,0x040F,
    0x0452,0x2018,0x2019,0x201C,0x201D,0x2022,0x2013,0x2014,0x0098,0x2122,0x0459,0x203A,0x045A,0x045C,0x045B,0x045F,
    0x00A0,0x040E,0x045E,0x0408,0x00A4,0x0490,0x00A6,0x00A7,0x0401,0x00A9,0x0404,0x00AB,0x00AC,0x00AD,0x00AE,0x0407,
    0x00B0,0x00B1,0x0406,0x0456,0x0491,0x00B5,0x00B6,0x00B7,0x0451,0x2116,0x0454,0x00BB,0x0458,0x0405,0x0455,0x0457,
    0x0410,0x0411,0x0412,0x0413,0x0414,0x0415,0x0416,0x0417,0x0418,0x0419,0x041A,0x041B,0x041C,0x041D,0x041E,0x041F,
    0x0420,0x0421,0x0422,0x0423,0x0424,0x0425,0x0426,0x0427,0x0428,0x0429,0x042A,0x042B,0x042C,0x042D,0x042E,0x042F,
    0x0430,0x0431,0x0432,0x0433,0x0434,0x0435,0x0436,0x0437,0x0438,0x0439,0x043A,0x043B,0x043C,0x043D,0x043E,0x043F,
    0x0440,0x0441,0x0442,0x0443,0x0444,0x0445,0x0446,0x0447,0x0448,0x0449,0x044A,0x044B,0x044C,0x044D,0x044E,0x044F
  ]);

const t1252 = new Uint16Array([
    0x0000,0x0001,0x0002,0x0003,0x0004,0x0005,0x0006,0x0007,0x0008,0x0009,0x000A,0x000B,0x000C,0x000D,0x000E,0x000F,
    0x0010,0x0011,0x0012,0x0013,0x0014,0x0015,0x0016,0x0017,0x0018,0x0019,0x001A,0x001B,0x001C,0x001D,0x001E,0x001F,
    0x0020,0x0021,0x0022,0x0023,0x0024,0x0025,0x0026,0x0027,0x0028,0x0029,0x002A,0x002B,0x002C,0x002D,0x002E,0x002F,
    0x0030,0x0031,0x0032,0x0033,0x0034,0x0035,0x0036,0x0037,0x0038,0x0039,0x003A,0x003B,0x003C,0x003D,0x003E,0x003F,
    0x0040,0x0041,0x0042,0x0043,0x0044,0x0045,0x0046,0x0047,0x0048,0x0049,0x004A,0x004B,0x004C,0x004D,0x004E,0x004F,
    0x0050,0x0051,0x0052,0x0053,0x0054,0x0055,0x0056,0x0057,0x0058,0x0059,0x005A,0x005B,0x005C,0x005D,0x005E,0x005F,
    0x0060,0x0061,0x0062,0x0063,0x0064,0x0065,0x0066,0x0067,0x0068,0x0069,0x006A,0x006B,0x006C,0x006D,0x006E,0x006F,
    0x0070,0x0071,0x0072,0x0073,0x0074,0x0075,0x0076,0x0077,0x0078,0x0079,0x007A,0x007B,0x007C,0x007D,0x007E,0x007F,
    0x0080,0x0081,0x201A,0x0192,0x201E,0x2026,0x2020,0x2021,0x02C6,0x2030,0x0160,0x2039,0x0152,0x008D,0x008E,0x008F,
    0x0090,0x2018,0x2019,0x201C,0x201D,0x2022,0x2013,0x2014,0x02DC,0x2122,0x0161,0x203A,0x0153,0x009D,0x009E,0x0178,
    0x00A0,0x00A1,0x00A2,0x00A3,0x00A4,0x00A5,0x00A6,0x00A7,0x00A8,0x00A9,0x00AA,0x00AB,0x00AC,0x00AD,0x00AE,0x00AF,
    0x00B0,0x00B1,0x00B2,0x00B3,0x00B4,0x00B5,0x00B6,0x00B7,0x00B8,0x00B9,0x00BA,0x00BB,0x00BC,0x00BD,0x00BE,0x00BF,
    0x00C0,0x00C1,0x00C2,0x00C3,0x00C4,0x00C5,0x00C6,0x00C7,0x00C8,0x00C9,0x00CA,0x00CB,0x00CC,0x00CD,0x00CE,0x00CF,
    0x00D0,0x00D1,0x00D2,0x00D3,0x00D4,0x00D5,0x00D6,0x00D7,0x00D8,0x00D9,0x00DA,0x00DB,0x00DC,0x00DD,0x00DE,0x00DF,
    0x00E0,0x00E1,0x00E2,0x00E3,0x00E4,0x00E5,0x00E6,0x00E7,0x00E8,0x00E9,0x00EA,0x00EB,0x00EC,0x00ED,0x00EE,0x00EF,
    0x00F0,0x00F1,0x00F2,0x00F3,0x00F4,0x00F5,0x00F6,0x00F7,0x00F8,0x00F9,0x00FA,0x00FB,0x00FC,0x00FD,0x00FE,0x00FF
  ]);

const t1253 = new Uint16Array([
    0x0000,0x0001,0x0002,0x0003,0x0004,0x0005,0x0006,0x0007,0x0008,0x0009,0x000A,0x000B,0x000C,0x000D,0x000E,0x000F,
    0x0010,0x0011,0x0012,0x0013,0x0014,0x0015,0x0016,0x0017,0x0018,0x0019,0x001A,0x001B,0x001C,0x001D,0x001E,0x001F,
    0x0020,0x0021,0x0022,0x0023,0x0024,0x0025,0x0026,0x0027,0x0028,0x0029,0x002A,0x002B,0x002C,0x002D,0x002E,0x002F,
    0x0030,0x0031,0x0032,0x0033,0x0034,0x0035,0x0036,0x0037,0x0038,0x0039,0x003A,0x003B,0x003C,0x003D,0x003E,0x003F,
    0x0040,0x0041,0x0042,0x0043,0x0044,0x0045,0x0046,0x0047,0x0048,0x0049,0x004A,0x004B,0x004C,0x004D,0x004E,0x004F,
    0x0050,0x0051,0x0052,0x0053,0x0054,0x0055,0x0056,0x0057,0x0058,0x0059,0x005A,0x005B,0x005C,0x005D,0x005E,0x005F,
    0x0060,0x0061,0x0062,0x0063,0x0064,0x0065,0x0066,0x0067,0x0068,0x0069,0x006A,0x006B,0x006C,0x006D,0x006E,0x006F,
    0x0070,0x0071,0x0072,0x0073,0x0074,0x0075,0x0076,0x0077,0x0078,0x0079,0x007A,0x007B,0x007C,0x007D,0x007E,0x007F,
    0x0080,0x0081,0x201A,0x0192,0x201E,0x2026,0x2020,0x2021,0x0088,0x2030,0x008A,0x2039,0x008C,0x008D,0x008E,0x008F,
    0x0090,0x2018,0x2019,0x201C,0x201D,0x2022,0x2013,0x2014,0x0098,0x2122,0x009A,0x203A,0x009C,0x009D,0x009E,0x009F,
    0x00A0,0x0385,0x0386,0x00A3,0x00A4,0x00A5,0x00A6,0x00A7,0x00A8,0x00A9,0x00AA,0x00AB,0x00AC,0x00AD,0x00AE,0x2015,
    0x00B0,0x00B1,0x00B2,0x00B3,0x0384,0x00B5,0x00B6,0x00B7,0x0388,0x0389,0x038A,0x00BB,0x038C,0x00BD,0x038E,0x038F,
    0x0390,0x0391,0x0392,0x0393,0x0394,0x0395,0x0396,0x0397,0x0398,0x0399,0x039A,0x039B,0x039C,0x039D,0x039E,0x039F,
    0x03A0,0x03A1,0xFFFD,0x03A3,0x03A4,0x03A5,0x03A6,0x03A7,0x03A8,0x03A9,0x03AA,0x03AB,0x03AC,0x03AD,0x03AE,0x03AF,
    0x03B0,0x03B1,0x03B2,0x03B3,0x03B4,0x03B5,0x03B6,0x03B7,0x03B8,0x03B9,0x03BA,0x03BB,0x03BC,0x03BD,0x03BE,0x03BF,
    0x03C0,0x03C1,0x03C2,0x03C3,0x03C4,0x03C5,0x03C6,0x03C7,0x03C8,0x03C9,0x03CA,0x03CB,0x03CC,0x03CD,0x03CE,0xFFFD
  ]);

const t1254 = new Uint16Array([
    0x0000,0x0001,0x0002,0x0003,0x0004,0x0005,0x0006,0x0007,0x0008,0x0009,0x000A,0x000B,0x000C,0x000D,0x000E,0x000F,
    0x0010,0x0011,0x0012,0x0013,0x0014,0x0015,0x0016,0x0017,0x0018,0x0019,0x001A,0x001B,0x001C,0x001D,0x001E,0x001F,
    0x0020,0x0021,0x0022,0x0023,0x0024,0x0025,0x0026,0x0027,0x0028,0x0029,0x002A,0x002B,0x002C,0x002D,0x002E,0x002F,
    0x0030,0x0031,0x0032,0x0033,0x0034,0x0035,0x0036,0x0037,0x0038,0x0039,0x003A,0x003B,0x003C,0x003D,0x003E,0x003F,
    0x0040,0x0041,0x0042,0x0043,0x0044,0x0045,0x0046,0x0047,0x0048,0x0049,0x004A,0x004B,0x004C,0x004D,0x004E,0x004F,
    0x0050,0x0051,0x0052,0x0053,0x0054,0x0055,0x0056,0x0057,0x0058,0x0059,0x005A,0x005B,0x005C,0x005D,0x005E,0x005F,
    0x0060,0x0061,0x0062,0x0063,0x0064,0x0065,0x0066,0x0067,0x0068,0x0069,0x006A,0x006B,0x006C,0x006D,0x006E,0x006F,
    0x0070,0x0071,0x0072,0x0073,0x0074,0x0075,0x0076,0x0077,0x0078,0x0079,0x007A,0x007B,0x007C,0x007D,0x007E,0x007F,
    0x0080,0x0081,0x201A,0x0192,0x201E,0x2026,0x2020,0x2021,0x02C6,0x2030,0x0160,0x2039,0x0152,0x008D,0x008E,0x008F,
    0x0090,0x2018,0x2019,0x201C,0x201D,0x2022,0x2013,0x2014,0x02DC,0x2122,0x0161,0x203A,0x0153,0x009D,0x009E,0x0178,
    0x00A0,0x00A1,0x00A2,0x00A3,0x00A4,0x00A5,0x00A6,0x00A7,0x00A8,0x00A9,0x00AA,0x00AB,0x00AC,0x00AD,0x00AE,0x00AF,
    0x00B0,0x00B1,0x00B2,0x00B3,0x00B4,0x00B5,0x00B6,0x00B7,0x00B8,0x00B9,0x00BA,0x00BB,0x00BC,0x00BD,0x00BE,0x00BF,
    0x00C0,0x00C1,0x00C2,0x00C3,0x00C4,0x00C5,0x00C6,0x00C7,0x00C8,0x00C9,0x00CA,0x00CB,0x00CC,0x00CD,0x00CE,0x00CF,
    0x011E,0x00D1,0x00D2,0x00D3,0x00D4,0x00D5,0x00D6,0x00D7,0x00D8,0x00D9,0x00DA,0x00DB,0x00DC,0x0130,0x015E,0x00DF,
    0x00E0,0x00E1,0x00E2,0x00E3,0x00E4,0x00E5,0x00E6,0x00E7,0x00E8,0x00E9,0x00EA,0x00EB,0x00EC,0x00ED,0x00EE,0x00EF,
    0x011F,0x00F1,0x00F2,0x00F3,0x00F4,0x00F5,0x00F6,0x00F7,0x00F8,0x00F9,0x00FA,0x00FB,0x00FC,0x0131,0x015F,0x00FF
  ]);

const t1255 = new Uint16Array([
    0x0000,0x0001,0x0002,0x0003,0x0004,0x0005,0x0006,0x0007,0x0008,0x0009,0x000A,0x000B,0x000C,0x000D,0x000E,0x000F,
    0x0010,0x0011,0x0012,0x0013,0x0014,0x0015,0x0016,0x0017,0x0018,0x0019,0x001A,0x001B,0x001C,0x001D,0x001E,0x001F,
    0x0020,0x0021,0x0022,0x0023,0x0024,0x0025,0x0026,0x0027,0x0028,0x0029,0x002A,0x002B,0x002C,0x002D,0x002E,0x002F,
    0x0030,0x0031,0x0032,0x0033,0x0034,0x0035,0x0036,0x0037,0x0038,0x0039,0x003A,0x003B,0x003C,0x003D,0x003E,0x003F,
    0x0040,0x0041,0x0042,0x0043,0x0044,0x0045,0x0046,0x0047,0x0048,0x0049,0x004A,0x004B,0x004C,0x004D,0x004E,0x004F,
    0x0050,0x0051,0x0052,0x0053,0x0054,0x0055,0x0056,0x0057,0x0058,0x0059,0x005A,0x005B,0x005C,0x005D,0x005E,0x005F,
    0x0060,0x0061,0x0062,0x0063,0x0064,0x0065,0x0066,0x0067,0x0068,0x0069,0x006A,0x006B,0x006C,0x006D,0x006E,0x006F,
    0x0070,0x0071,0x0072,0x0073,0x0074,0x0075,0x0076,0x0077,0x0078,0x0079,0x007A,0x007B,0x007C,0x007D,0x007E,0x007F,
    0x0080,0x0081,0x201A,0x0192,0x201E,0x2026,0x2020,0x2021,0x02C6,0x2030,0x008A,0x2039,0x008C,0x008D,0x008E,0x008F,
    0x0090,0x2018,0x2019,0x201C,0x201D,0x2022,0x2013,0x2014,0x02DC,0x2122,0x009A,0x203A,0x009C,0x009D,0x009E,0x009F,
    0x00A0,0xFFFD,0x00A2,0x00A3,0x20AA,0x00A5,0x00A6,0x00A7,0x00A8,0x00A9,0xFFFD,0x00AB,0x00AC,0x00AD,0x00AE,0x00AF,
    0x00B0,0x00B1,0x00B2,0x00B3,0x00B4,0x00B5,0x00B6,0x00B7,0xFFFD,0x00B9,0xFFFD,0x00BB,0x00BC,0x00BD,0x00BE,0xFFFD,
    0x05B0,0x05B1,0x05B2,0x05B3,0x05B4,0x05B5,0x05B6,0x05B7,0x05B8,0x05B9,0xFFFD,0x05BB,0x05BC,0x05BD,0x05BE,0x05BF,
    0x05C0,0x05C1,0x05C2,0x05C3,0x05F0,0x05F1,0x05F2,0xFFFD,0xFFFD,0xFFFD,0xFFFD,0xFFFD,0xFFFD,0xFFFD,0xFFFD,0xFFFD,
    0x05D0,0x05D1,0x05D2,0x05D3,0x05D4,0x05D5,0x05D6,0x05D7,0x05D8,0x05D9,0x05DA,0x05DB,0x05DC,0x05DD,0x05DE,0x05DF,
    0x05E0,0x05E1,0x05E2,0x05E3,0x05E4,0x05E5,0x05E6,0x05E7,0x05E8,0x05E9,0x05EA,0xFFFD,0xFFFD,0x200E,0x200F,0xFFFD
  ]);

const t1256 = new Uint16Array([
    0x0000,0x0001,0x0002,0x0003,0x0004,0x0005,0x0006,0x0007,0x0008,0x0009,0x000A,0x000B,0x000C,0x000D,0x000E,0x000F,
    0x0010,0x0011,0x0012,0x0013,0x0014,0x0015,0x0016,0x0017,0x0018,0x0019,0x001A,0x001B,0x001C,0x001D,0x001E,0x001F,
    0x0020,0x0021,0x0022,0x0023,0x0024,0x0025,0x0026,0x0027,0x0028,0x0029,0x002A,0x002B,0x002C,0x002D,0x002E,0x002F,
    0x0030,0x0031,0x0032,0x0033,0x0034,0x0035,0x0036,0x0037,0x0038,0x0039,0x003A,0x003B,0x003C,0x003D,0x003E,0x003F,
    0x0040,0x0041,0x0042,0x0043,0x0044,0x0045,0x0046,0x0047,0x0048,0x0049,0x004A,0x004B,0x004C,0x004D,0x004E,0x004F,
    0x0050,0x0051,0x0052,0x0053,0x0054,0x0055,0x0056,0x0057,0x0058,0x0059,0x005A,0x005B,0x005C,0x005D,0x005E,0x005F,
    0x0060,0x0061,0x0062,0x0063,0x0064,0x0065,0x0066,0x0067,0x0068,0x0069,0x006A,0x006B,0x006C,0x006D,0x006E,0x006F,
    0x0070,0x0071,0x0072,0x0073,0x0074,0x0075,0x0076,0x0077,0x0078,0x0079,0x007A,0x007B,0x007C,0x007D,0x007E,0x007F,
    0x0080,0x067E,0x201A,0x0192,0x201E,0x2026,0x2020,0x2021,0x02C6,0x2030,0x008A,0x2039,0x0152,0x0686,0x0698,0x008F,
    0x06AF,0x2018,0x2019,0x201C,0x201D,0x2022,0x2013,0x2014,0x0098,0x2122,0x009A,0x203A,0x0153,0x200C,0x200D,0x009F,
    0x00A0,0x060C,0x00A2,0x00A3,0x00A4,0x00A5,0x00A6,0x00A7,0x00A8,0x00A9,0xFFFD,0x00AB,0x00AC,0x00AD,0x00AE,0x00AF,
    0x00B0,0x00B1,0x00B2,0x00B3,0x00B4,0x00B5,0x00B6,0x00B7,0x00B8,0x00B9,0x061B,0x00BB,0x00BC,0x00BD,0x00BE,0x061F,
    0xFFFD,0x0621,0x0622,0x0623,0x0624,0x0625,0x0626,0x0627,0x0628,0x0629,0x062A,0x062B,0x062C,0x062D,0x062E,0x062F,
    0x0630,0x0631,0x0632,0x0633,0x0634,0x0635,0x0636,0x00D7,0x0637,0x0638,0x0639,0x063A,0x0640,0x0641,0x0642,0x0643,
    0x00E0,0x0644,0x00E2,0x0645,0x0646,0x0647,0x0648,0x00E7,0x00E8,0x00E9,0x00EA,0x00EB,0x0649,0x064A,0x00EE,0x00EF,
    0x064B,0x064C,0x064D,0x064E,0x00F4,0x064F,0x0650,0x00F7,0x0651,0x00F9,0x0652,0x00FB,0x00FC,0x200E,0x200F,0xFFFD
  ]);

const t4909 = new Uint16Array([
    0x0000,0x0001,0x0002,0x0003,0x0004,0x0005,0x0006,0x0007,0x0008,0x0009,0x000A,0x000B,0x000C,0x000D,0x000E,0x000F,
    0x0010,0x0011,0x0012,0x0013,0x0014,0x0015,0x0016,0x0017,0x0018,0x0019,0x001A,0x001B,0x001C,0x001D,0x001E,0x001F,
    0x0020,0x0021,0x0022,0x0023,0x0024,0x0025,0x0026,0x0027,0x0028,0x0029,0x002A,0x002B,0x002C,0x002D,0x002E,0x002F,
    0x0030,0x0031,0x0032,0x0033,0x0034,0x0035,0x0036,0x0037,0x0038,0x0039,0x003A,0x003B,0x003C,0x003D,0x003E,0x003F,
    0x0040,0x0041,0x0042,0x0043,0x0044,0x0045,0x0046,0x0047,0x0048,0x0049,0x004A,0x004B,0x004C,0x004D,0x004E,0x004F,
    0x0050,0x0051,0x0052,0x0053,0x0054,0x0055,0x0056,0x0057,0x0058,0x0059,0x005A,0x005B,0x005C,0x005D,0x005E,0x005F,
    0x0060,0x0061,0x0062,0x0063,0x0064,0x0065,0x0066,0x0067,0x0068,0x0069,0x006A,0x006B,0x006C,0x006D,0x006E,0x006F,
    0x0070,0x0071,0x0072,0x0073,0x0074,0x0075,0x0076,0x0077,0x0078,0x0079,0x007A,0x007B,0x007C,0x007D,0x007E,0x007F,
    0x0080,0x0081,0x0082,0x0083,0x0084,0x0085,0x0086,0x0087,0x0088,0x0089,0x008A,0x008B,0x008C,0x008D,0x008E,0x008F,
    0x0090,0x0091,0x0092,0x0093,0x0094,0x0095,0x0096,0x0097,0x0098,0x0099,0x009A,0x009B,0x009C,0x009D,0x009E,0x009F,
    0x00A0,0x2018,0x2019,0x00A3,0x20AC,0xFFFD,0x00A6,0x00A7,0x00A8,0x00A9,0xFFFD,0x00AB,0x00AC,0x00AD,0xFFFD,0x2015,
    0x00B0,0x00B1,0x00B2,0x00B3,0x00B4,0x0385,0x0386,0x0387,0x0388,0x0389,0x038A,0x00BB,0x038C,0x00BD,0x038E,0x038F,
    0x0390,0x0391,0x0392,0x0393,0x0394,0x0395,0x0396,0x0397,0x0398,0x0399,0x039A,0x039B,0x039C,0x039D,0x039E,0x039F,
    0x03A0,0x03A1,0xFFFD,0x03A3,0x03A4,0x03A5,0x03A6,0x03A7,0x03A8,0x03A9,0x03AA,0x03AB,0x03AC,0x03AD,0x03AE,0x03AF,
    0x03B0,0x03B1,0x03B2,0x03B3,0x03B4,0x03B5,0x03B6,0x03B7,0x03B8,0x03B9,0x03BA,0x03BB,0x03BC,0x03BD,0x03BE,0x03BF,
    0x03C0,0x03C1,0x03C2,0x03C3,0x03C4,0x03C5,0x03C6,0x03C7,0x03C8,0x03C9,0x03CA,0x03CB,0x03CC,0x03CD,0x03CE,0xFFFD
  ]);

const t4971 = new Uint16Array([
    0x0000,0x0001,0x0002,0x0003,0x009C,0x0009,0x0086,0x007F,0x0097,0x008D,0x008E,0x000B,0x000C,0x000D,0x000E,0x000F,
    0x0010,0x0011,0x0012,0x0013,0x009D,0x0085,0x0008,0x0087,0x0018,0x0019,0x0092,0x008F,0x001C,0x001D,0x001E,0x001F,
    0x0080,0x0081,0x0082,0x0083,0x0084,0x000A,0x0017,0x001B,0x0088,0x0089,0x008A,0x008B,0x008C,0x0005,0x0006,0x0007,
    0x0090,0x0091,0x0016,0x0093,0x0094,0x0095,0x0096,0x0004,0x0098,0x0099,0x009A,0x009B,0x0014,0x0015,0x009E,0x001A,
    0x0020,0x0391,0x0392,0x0393,0x0394,0x0395,0x0396,0x0397,0x0398,0x0399,0x005B,0x002E,0x003C,0x0028,0x002B,0x0021,
    0x0026,0x039A,0x039B,0x039C,0x039D,0x039E,0x039F,0x03A0,0x03A1,0x03A3,0x005D,0x0024,0x002A,0x0029,0x003B,0x005E,
    0x002D,0x002F,0x03A4,0x03A5,0x03A6,0x03A7,0x03A8,0x03A9,0x03AA,0x03AB,0x007C,0x002C,0x0025,0x005F,0x003E,0x003F,
    0x00A8,0x0386,0x0388,0x0389,0x00A0,0x038A,0x038C,0x038E,0x038F,0x0060,0x003A,0x0023,0x0040,0x0027,0x003D,0x0022,
    0x0385,0x0061,0x0062,0x0063,0x0064,0x0065,0x0066,0x0067,0x0068,0x0069,0x03B1,0x03B2,0x03B3,0x03B4,0x03B5,0x03B6,
    0x00B0,0x006A,0x006B,0x006C,0x006D,0x006E,0x006F,0x0070,0x0071,0x0072,0x03B7,0x03B8,0x03B9,0x03BA,0x03BB,0x03BC,
    0x00B4,0x007E,0x0073,0x0074,0x0075,0x0076,0x0077,0x0078,0x0079,0x007A,0x03BD,0x03BE,0x03BF,0x03C0,0x03C1,0x03C3,
    0x00A3,0x03AC,0x03AD,0x03AE,0x03CA,0x03AF,0x03CC,0x03CD,0x03CB,0x03CE,0x03C2,0x03C4,0x03C5,0x03C6,0x03C7,0x03C8,
    0x007B,0x0041,0x0042,0x0043,0x0044,0x0045,0x0046,0x0047,0x0048,0x0049,0x00AD,0x03C9,0x0390,0x03B0,0x2018,0x2015,
    0x007D,0x004A,0x004B,0x004C,0x004D,0x004E,0x004F,0x0050,0x0051,0x0052,0x00B1,0x00BD,0xFFFD,0x0387,0x2019,0x00A6,
    0x005C,0xFFFD,0x0053,0x0054,0x0055,0x0056,0x0057,0x0058,0x0059,0x005A,0x00B2,0x00A7,0xFFFD,0xFFFD,0x00AB,0x00AC,
    0x0030,0x0031,0x0032,0x0033,0x0034,0x0035,0x0036,0x0037,0x0038,0x0039,0x00B3,0x00A9,0x20AC,0xFFFD,0x00BB,0x009F
  ]);

const t5123 = new Uint16Array([
    0x0000,0x0001,0x0002,0x0003,0x009C,0x0009,0x0086,0x007F,0x0097,0x008D,0x008E,0x000B,0x000C,0x000D,0x000E,0x000F,
    0x0010,0x0011,0x0012,0x0013,0x009D,0x0085,0x0008,0x0087,0x0018,0x0019,0x0092,0x008F,0x001C,0x001D,0x001E,0x001F,
    0x0080,0x0081,0x0082,0x0083,0x0084,0x000A,0x0017,0x001B,0x0088,0x0089,0x008A,0x008B,0x008C,0x0005,0x0006,0x0007,
    0x0090,0x0091,0x0016,0x0093,0x0094,0x0095,0x0096,0x0004,0x0098,0x0099,0x009A,0x009B,0x0014,0x0015,0x009E,0x001A,
    0x0020,0xFFFD,0xFF61,0xFF62,0xFF63,0xFF64,0xFF65,0xFF66,0xFF67,0xFF68,0x00A2,0x002E,0x003C,0x0028,0x002B,0x007C,
    0x0026,0xFF69,0xFF6A,0xFF6B,0xFF6C,0xFF6D,0xFF6E,0xFF6F,0xFF70,0xFF71,0x0021,0x0024,0x002A,0x0029,0x003B,0x00AC,
    0x002D,0x002F,0xFF72,0xFF73,0xFF74,0xFF75,0xFF76,0xFF77,0xFF78,0xFF79,0xFFFD,0x002C,0x0025,0x005F,0x003E,0x003F,
    0xFF7A,0xFF7B,0xFF7C,0xFF7D,0xFF7E,0xFF7F,0xFF80,0xFF81,0xFF82,0x0060,0x003A,0x0023,0x0040,0x0027,0x003D,0x0022,
    0xFFFD,0x0061,0x0062,0x0063,0x0064,0x0065,0x0066,0x0067,0x0068,0x0069,0xFF83,0xFF84,0xFF85,0xFF86,0xFF87,0xFF88,
    0xFFFD,0x006A,0x006B,0x006C,0x006D,0x006E,0x006F,0x0070,0x0071,0x0072,0xFF89,0xFF8A,0xFF8B,0xFF8C,0xFF8D,0xFF8E,
    0x203E,0x007E,0x0073,0x0074,0x0075,0x0076,0x0077,0x0078,0x0079,0x007A,0xFF8F,0xFF90,0xFF91,0x005B,0xFF92,0xFF93,
    0x005E,0x00A3,0x00A5,0xFF94,0xFF95,0xFF96,0xFF97,0xFF98,0xFF99,0xFF9A,0xFF9B,0xFF9C,0xFF9D,0x005D,0xFF9E,0xFF9F,
    0x007B,0x0041,0x0042,0x0043,0x0044,0x0045,0x0046,0x0047,0x0048,0x0049,0xFFFD,0xFFFD,0xFFFD,0xFFFD,0xFFFD,0xFFFD,
    0x007D,0x004A,0x004B,0x004C,0x004D,0x004E,0x004F,0x0050,0x0051,0x0052,0xFFFD,0xFFFD,0xFFFD,0xFFFD,0xFFFD,0xFFFD,
    0x005C,0x20AC,0x0053,0x0054,0x0055,0x0056,0x0057,0x0058,0x0059,0x005A,0xFFFD,0xFFFD,0xFFFD,0xFFFD,0xFFFD,0xFFFD,
    0x0030,0x0031,0x0032,0x0033,0x0034,0x0035,0x0036,0x0037,0x0038,0x0039,0xFFFD,0xFFFD,0xFFFD,0xFFFD,0xFFFD,0x009F
  ]);

const t5346 = new Uint16Array([
    0x0000,0x0001,0x0002,0x0003,0x0004,0x0005,0x0006,0x0007,0x0008,0x0009,0x000A,0x000B,0x000C,0x000D,0x000E,0x000F,
    0x0010,0x0011,0x0012,0x0013,0x0014,0x0015,0x0016,0x0017,0x0018,0x0019,0x001A,0x001B,0x001C,0x001D,0x001E,0x001F,
    0x0020,0x0021,0x0022,0x0023,0x0024,0x0025,0x0026,0x0027,0x0028,0x0029,0x002A,0x002B,0x002C,0x002D,0x002E,0x002F,
    0x0030,0x0031,0x0032,0x0033,0x0034,0x0035,0x0036,0x0037,0x0038,0x0039,0x003A,0x003B,0x003C,0x003D,0x003E,0x003F,
    0x0040,0x0041,0x0042,0x0043,0x0044,0x0045,0x0046,0x0047,0x0048,0x0049,0x004A,0x004B,0x004C,0x004D,0x004E,0x004F,
    0x0050,0x0051,0x0052,0x0053,0x0054,0x0055,0x0056,0x0057,0x0058,0x0059,0x005A,0x005B,0x005C,0x005D,0x005E,0x005F,
    0x0060,0x0061,0x0062,0x0063,0x0064,0x0065,0x0066,0x0067,0x0068,0x0069,0x006A,0x006B,0x006C,0x006D,0x006E,0x006F,
    0x0070,0x0071,0x0072,0x0073,0x0074,0x0075,0x0076,0x0077,0x0078,0x0079,0x007A,0x007B,0x007C,0x007D,0x007E,0x007F,
    0x20AC,0x0081,0x201A,0x0083,0x201E,0x2026,0x2020,0x2021,0x0088,0x2030,0x0160,0x2039,0x015A,0x0164,0x017D,0x0179,
    0x0090,0x2018,0x2019,0x201C,0x201D,0x2022,0x2013,0x2014,0x0098,0x2122,0x0161,0x203A,0x015B,0x0165,0x017E,0x017A,
    0x00A0,0x02C7,0x02D8,0x0141,0x00A4,0x0104,0x00A6,0x00A7,0x00A8,0x00A9,0x015E,0x00AB,0x00AC,0x00AD,0x00AE,0x017B,
    0x00B0,0x00B1,0x02DB,0x0142,0x00B4,0x00B5,0x00B6,0x00B7,0x00B8,0x0105,0x015F,0x00BB,0x013D,0x02DD,0x013E,0x017C,
    0x0154,0x00C1,0x00C2,0x0102,0x00C4,0x0139,0x0106,0x00C7,0x010C,0x00C9,0x0118,0x00CB,0x011A,0x00CD,0x00CE,0x010E,
    0x0110,0x0143,0x0147,0x00D3,0x00D4,0x0150,0x00D6,0x00D7,0x0158,0x016E,0x00DA,0x0170,0x00DC,0x00DD,0x0162,0x00DF,
    0x0155,0x00E1,0x00E2,0x0103,0x00E4,0x013A,0x0107,0x00E7,0x010D,0x00E9,0x0119,0x00EB,0x011B,0x00ED,0x00EE,0x010F,
    0x0111,0x0144,0x0148,0x00F3,0x00F4,0x0151,0x00F6,0x00F7,0x0159,0x016F,0x00FA,0x0171,0x00FC,0x00FD,0x0163,0x02D9
  ]);

const t5347 = new Uint16Array([
    0x0000,0x0001,0x0002,0x0003,0x0004,0x0005,0x0006,0x0007,0x0008,0x0009,0x000A,0x000B,0x000C,0x000D,0x000E,0x000F,
    0x0010,0x0011,0x0012,0x0013,0x0014,0x0015,0x0016,0x0017,0x0018,0x0019,0x001A,0x001B,0x001C,0x001D,0x001E,0x001F,
    0x0020,0x0021,0x0022,0x0023,0x0024,0x0025,0x0026,0x0027,0x0028,0x0029,0x002A,0x002B,0x002C,0x002D,0x002E,0x002F,
    0x0030,0x0031,0x0032,0x0033,0x0034,0x0035,0x0036,0x0037,0x0038,0x0039,0x003A,0x003B,0x003C,0x003D,0x003E,0x003F,
    0x0040,0x0041,0x0042,0x0043,0x0044,0x0045,0x0046,0x0047,0x0048,0x0049,0x004A,0x004B,0x004C,0x004D,0x004E,0x004F,
    0x0050,0x0051,0x0052,0x0053,0x0054,0x0055,0x0056,0x0057,0x0058,0x0059,0x005A,0x005B,0x005C,0x005D,0x005E,0x005F,
    0x0060,0x0061,0x0062,0x0063,0x0064,0x0065,0x0066,0x0067,0x0068,0x0069,0x006A,0x006B,0x006C,0x006D,0x006E,0x006F,
    0x0070,0x0071,0x0072,0x0073,0x0074,0x0075,0x0076,0x0077,0x0078,0x0079,0x007A,0x007B,0x007C,0x007D,0x007E,0x007F,
    0x0402,0x0403,0x201A,0x0453,0x201E,0x2026,0x2020,0x2021,0x20AC,0x2030,0x0409,0x2039,0x040A,0x040C,0x040B,0x040F,
    0x0452,0x2018,0x2019,0x201C,0x201D,0x2022,0x2013,0x2014,0x0098,0x2122,0x0459,0x203A,0x045A,0x045C,0x045B,0x045F,
    0x00A0,0x040E,0x045E,0x0408,0x00A4,0x0490,0x00A6,0x00A7,0x0401,0x00A9,0x0404,0x00AB,0x00AC,0x00AD,0x00AE,0x0407,
    0x00B0,0x00B1,0x0406,0x0456,0x0491,0x00B5,0x00B6,0x00B7,0x0451,0x2116,0x0454,0x00BB,0x0458,0x0405,0x0455,0x0457,
    0x0410,0x0411,0x0412,0x0413,0x0414,0x0415,0x0416,0x0417,0x0418,0x0419,0x041A,0x041B,0x041C,0x041D,0x041E,0x041F,
    0x0420,0x0421,0x0422,0x0423,0x0424,0x0425,0x0426,0x0427,0x0428,0x0429,0x042A,0x042B,0x042C,0x042D,0x042E,0x042F,
    0x0430,0x0431,0x0432,0x0433,0x0434,0x0435,0x0436,0x0437,0x0438,0x0439,0x043A,0x043B,0x043C,0x043D,0x043E,0x043F,
    0x0440,0x0441,0x0442,0x0443,0x0444,0x0445,0x0446,0x0447,0x0448,0x0449,0x044A,0x044B,0x044C,0x044D,0x044E,0x044F
  ]);

const t5348 = new Uint16Array([
    0x0000,0x0001,0x0002,0x0003,0x0004,0x0005,0x0006,0x0007,0x0008,0x0009,0x000A,0x000B,0x000C,0x000D,0x000E,0x000F,
    0x0010,0x0011,0x0012,0x0013,0x0014,0x0015,0x0016,0x0017,0x0018,0x0019,0x001A,0x001B,0x001C,0x001D,0x001E,0x001F,
    0x0020,0x0021,0x0022,0x0023,0x0024,0x0025,0x0026,0x0027,0x0028,0x0029,0x002A,0x002B,0x002C,0x002D,0x002E,0x002F,
    0x0030,0x0031,0x0032,0x0033,0x0034,0x0035,0x0036,0x0037,0x0038,0x0039,0x003A,0x003B,0x003C,0x003D,0x003E,0x003F,
    0x0040,0x0041,0x0042,0x0043,0x0044,0x0045,0x0046,0x0047,0x0048,0x0049,0x004A,0x004B,0x004C,0x004D,0x004E,0x004F,
    0x0050,0x0051,0x0052,0x0053,0x0054,0x0055,0x0056,0x0057,0x0058,0x0059,0x005A,0x005B,0x005C,0x005D,0x005E,0x005F,
    0x0060,0x0061,0x0062,0x0063,0x0064,0x0065,0x0066,0x0067,0x0068,0x0069,0x006A,0x006B,0x006C,0x006D,0x006E,0x006F,
    0x0070,0x0071,0x0072,0x0073,0x0074,0x0075,0x0076,0x0077,0x0078,0x0079,0x007A,0x007B,0x007C,0x007D,0x007E,0x007F,
    0x20AC,0x0081,0x201A,0x0192,0x201E,0x2026,0x2020,0x2021,0x02C6,0x2030,0x0160,0x2039,0x0152,0x008D,0x017D,0x008F,
    0x0090,0x2018,0x2019,0x201C,0x201D,0x2022,0x2013,0x2014,0x02DC,0x2122,0x0161,0x203A,0x0153,0x009D,0x017E,0x0178,
    0x00A0,0x00A1,0x00A2,0x00A3,0x00A4,0x00A5,0x00A6,0x00A7,0x00A8,0x00A9,0x00AA,0x00AB,0x00AC,0x00AD,0x00AE,0x00AF,
    0x00B0,0x00B1,0x00B2,0x00B3,0x00B4,0x00B5,0x00B6,0x00B7,0x00B8,0x00B9,0x00BA,0x00BB,0x00BC,0x00BD,0x00BE,0x00BF,
    0x00C0,0x00C1,0x00C2,0x00C3,0x00C4,0x00C5,0x00C6,0x00C7,0x00C8,0x00C9,0x00CA,0x00CB,0x00CC,0x00CD,0x00CE,0x00CF,
    0x00D0,0x00D1,0x00D2,0x00D3,0x00D4,0x00D5,0x00D6,0x00D7,0x00D8,0x00D9,0x00DA,0x00DB,0x00DC,0x00DD,0x00DE,0x00DF,
    0x00E0,0x00E1,0x00E2,0x00E3,0x00E4,0x00E5,0x00E6,0x00E7,0x00E8,0x00E9,0x00EA,0x00EB,0x00EC,0x00ED,0x00EE,0x00EF,
    0x00F0,0x00F1,0x00F2,0x00F3,0x00F4,0x00F5,0x00F6,0x00F7,0x00F8,0x00F9,0x00FA,0x00FB,0x00FC,0x00FD,0x00FE,0x00FF
  ]);

const t5349 = new Uint16Array([
    0x0000,0x0001,0x0002,0x0003,0x0004,0x0005,0x0006,0x0007,0x0008,0x0009,0x000A,0x000B,0x000C,0x000D,0x000E,0x000F,
    0x0010,0x0011,0x0012,0x0013,0x0014,0x0015,0x0016,0x0017,0x0018,0x0019,0x001A,0x001B,0x001C,0x001D,0x001E,0x001F,
    0x0020,0x0021,0x0022,0x0023,0x0024,0x0025,0x0026,0x0027,0x0028,0x0029,0x002A,0x002B,0x002C,0x002D,0x002E,0x002F,
    0x0030,0x0031,0x0032,0x0033,0x0034,0x0035,0x0036,0x0037,0x0038,0x0039,0x003A,0x003B,0x003C,0x003D,0x003E,0x003F,
    0x0040,0x0041,0x0042,0x0043,0x0044,0x0045,0x0046,0x0047,0x0048,0x0049,0x004A,0x004B,0x004C,0x004D,0x004E,0x004F,
    0x0050,0x0051,0x0052,0x0053,0x0054,0x0055,0x0056,0x0057,0x0058,0x0059,0x005A,0x005B,0x005C,0x005D,0x005E,0x005F,
    0x0060,0x0061,0x0062,0x0063,0x0064,0x0065,0x0066,0x0067,0x0068,0x0069,0x006A,0x006B,0x006C,0x006D,0x006E,0x006F,
    0x0070,0x0071,0x0072,0x0073,0x0074,0x0075,0x0076,0x0077,0x0078,0x0079,0x007A,0x007B,0x007C,0x007D,0x007E,0x007F,
    0x20AC,0x0081,0x201A,0x0192,0x201E,0x2026,0x2020,0x2021,0x0088,0x2030,0x008A,0x2039,0x008C,0x008D,0x008E,0x008F,
    0x0090,0x2018,0x2019,0x201C,0x201D,0x2022,0x2013,0x2014,0x0098,0x2122,0x009A,0x203A,0x009C,0x009D,0x009E,0x009F,
    0x00A0,0x0385,0x0386,0x00A3,0x00A4,0x00A5,0x00A6,0x00A7,0x00A8,0x00A9,0x00AA,0x00AB,0x00AC,0x00AD,0x00AE,0x2015,
    0x00B0,0x00B1,0x00B2,0x00B3,0x0384,0x00B5,0x00B6,0x00B7,0x0388,0x0389,0x038A,0x00BB,0x038C,0x00BD,0x038E,0x038F,
    0x0390,0x0391,0x0392,0x0393,0x0394,0x0395,0x0396,0x0397,0x0398,0x0399,0x039A,0x039B,0x039C,0x039D,0x039E,0x039F,
    0x03A0,0x03A1,0xFFFD,0x03A3,0x03A4,0x03A5,0x03A6,0x03A7,0x03A8,0x03A9,0x03AA,0x03AB,0x03AC,0x03AD,0x03AE,0x03AF,
    0x03B0,0x03B1,0x03B2,0x03B3,0x03B4,0x03B5,0x03B6,0x03B7,0x03B8,0x03B9,0x03BA,0x03BB,0x03BC,0x03BD,0x03BE,0x03BF,
    0x03C0,0x03C1,0x03C2,0x03C3,0x03C4,0x03C5,0x03C6,0x03C7,0x03C8,0x03C9,0x03CA,0x03CB,0x03CC,0x03CD,0x03CE,0xFFFD
  ]);

const t5350 = new Uint16Array([
    0x0000,0x0001,0x0002,0x0003,0x0004,0x0005,0x0006,0x0007,0x0008,0x0009,0x000A,0x000B,0x000C,0x000D,0x000E,0x000F,
    0x0010,0x0011,0x0012,0x0013,0x0014,0x0015,0x0016,0x0017,0x0018,0x0019,0x001A,0x001B,0x001C,0x001D,0x001E,0x001F,
    0x0020,0x0021,0x0022,0x0023,0x0024,0x0025,0x0026,0x0027,0x0028,0x0029,0x002A,0x002B,0x002C,0x002D,0x002E,0x002F,
    0x0030,0x0031,0x0032,0x0033,0x0034,0x0035,0x0036,0x0037,0x0038,0x0039,0x003A,0x003B,0x003C,0x003D,0x003E,0x003F,
    0x0040,0x0041,0x0042,0x0043,0x0044,0x0045,0x0046,0x0047,0x0048,0x0049,0x004A,0x004B,0x004C,0x004D,0x004E,0x004F,
    0x0050,0x0051,0x0052,0x0053,0x0054,0x0055,0x0056,0x0057,0x0058,0x0059,0x005A,0x005B,0x005C,0x005D,0x005E,0x005F,
    0x0060,0x0061,0x0062,0x0063,0x0064,0x0065,0x0066,0x0067,0x0068,0x0069,0x006A,0x006B,0x006C,0x006D,0x006E,0x006F,
    0x0070,0x0071,0x0072,0x0073,0x0074,0x0075,0x0076,0x0077,0x0078,0x0079,0x007A,0x007B,0x007C,0x007D,0x007E,0x007F,
    0x20AC,0x0081,0x201A,0x0192,0x201E,0x2026,0x2020,0x2021,0x02C6,0x2030,0x0160,0x2039,0x0152,0x008D,0x008E,0x008F,
    0x0090,0x2018,0x2019,0x201C,0x201D,0x2022,0x2013,0x2014,0x02DC,0x2122,0x0161,0x203A,0x0153,0x009D,0x009E,0x0178,
    0x00A0,0x00A1,0x00A2,0x00A3,0x00A4,0x00A5,0x00A6,0x00A7,0x00A8,0x00A9,0x00AA,0x00AB,0x00AC,0x00AD,0x00AE,0x00AF,
    0x00B0,0x00B1,0x00B2,0x00B3,0x00B4,0x00B5,0x00B6,0x00B7,0x00B8,0x00B9,0x00BA,0x00BB,0x00BC,0x00BD,0x00BE,0x00BF,
    0x00C0,0x00C1,0x00C2,0x00C3,0x00C4,0x00C5,0x00C6,0x00C7,0x00C8,0x00C9,0x00CA,0x00CB,0x00CC,0x00CD,0x00CE,0x00CF,
    0x011E,0x00D1,0x00D2,0x00D3,0x00D4,0x00D5,0x00D6,0x00D7,0x00D8,0x00D9,0x00DA,0x00DB,0x00DC,0x0130,0x015E,0x00DF,
    0x00E0,0x00E1,0x00E2,0x00E3,0x00E4,0x00E5,0x00E6,0x00E7,0x00E8,0x00E9,0x00EA,0x00EB,0x00EC,0x00ED,0x00EE,0x00EF,
    0x011F,0x00F1,0x00F2,0x00F3,0x00F4,0x00F5,0x00F6,0x00F7,0x00F8,0x00F9,0x00FA,0x00FB,0x00FC,0x0131,0x015F,0x00FF
  ]);

const t5351 = new Uint16Array([
    0x0000,0x0001,0x0002,0x0003,0x0004,0x0005,0x0006,0x0007,0x0008,0x0009,0x000A,0x000B,0x000C,0x000D,0x000E,0x000F,
    0x0010,0x0011,0x0012,0x0013,0x0014,0x0015,0x0016,0x0017,0x0018,0x0019,0x001A,0x001B,0x001C,0x001D,0x001E,0x001F,
    0x0020,0x0021,0x0022,0x0023,0x0024,0x0025,0x0026,0x0027,0x0028,0x0029,0x002A,0x002B,0x002C,0x002D,0x002E,0x002F,
    0x0030,0x0031,0x0032,0x0033,0x0034,0x0035,0x0036,0x0037,0x0038,0x0039,0x003A,0x003B,0x003C,0x003D,0x003E,0x003F,
    0x0040,0x0041,0x0042,0x0043,0x0044,0x0045,0x0046,0x0047,0x0048,0x0049,0x004A,0x004B,0x004C,0x004D,0x004E,0x004F,
    0x0050,0x0051,0x0052,0x0053,0x0054,0x0055,0x0056,0x0057,0x0058,0x0059,0x005A,0x005B,0x005C,0x005D,0x005E,0x005F,
    0x0060,0x0061,0x0062,0x0063,0x0064,0x0065,0x0066,0x0067,0x0068,0x0069,0x006A,0x006B,0x006C,0x006D,0x006E,0x006F,
    0x0070,0x0071,0x0072,0x0073,0x0074,0x0075,0x0076,0x0077,0x0078,0x0079,0x007A,0x007B,0x007C,0x007D,0x007E,0x007F,
    0x20AC,0x0081,0x201A,0x0192,0x201E,0x2026,0x2020,0x2021,0x02C6,0x2030,0x008A,0x2039,0x008C,0x008D,0x008E,0x008F,
    0x0090,0x2018,0x2019,0x201C,0x201D,0x2022,0x2013,0x2014,0x02DC,0x2122,0x009A,0x203A,0x009C,0x009D,0x009E,0x009F,
    0x00A0,0xFFFD,0x00A2,0x00A3,0x20AA,0x00A5,0x00A6,0x00A7,0x00A8,0x00A9,0xFFFD,0x00AB,0x00AC,0x00AD,0x00AE,0x00AF,
    0x00B0,0x00B1,0x00B2,0x00B3,0x00B4,0x00B5,0x00B6,0x00B7,0xFFFD,0x00B9,0xFFFD,0x00BB,0x00BC,0x00BD,0x00BE,0xFFFD,
    0x05B0,0x05B1,0x05B2,0x05B3,0x05B4,0x05B5,0x05B6,0x05B7,0x05B8,0x05B9,0xFFFD,0x05BB,0x05BC,0x05BD,0x05BE,0x05BF,
    0x05C0,0x05C1,0x05C2,0x05C3,0x05F0,0x05F1,0x05F2,0xFFFD,0xFFFD,0xFFFD,0xFFFD,0xFFFD,0xFFFD,0xFFFD,0xFFFD,0xFFFD,
    0x05D0,0x05D1,0x05D2,0x05D3,0x05D4,0x05D5,0x05D6,0x05D7,0x05D8,0x05D9,0x05DA,0x05DB,0x05DC,0x05DD,0x05DE,0x05DF,
    0x05E0,0x05E1,0x05E2,0x05E3,0x05E4,0x05E5,0x05E6,0x05E7,0x05E8,0x05E9,0x05EA,0xFFFD,0xFFFD,0x200E,0x200F,0xFFFD
  ]);

const t5352 = new Uint16Array([
    0x0000,0x0001,0x0002,0x0003,0x0004,0x0005,0x0006,0x0007,0x0008,0x0009,0x000A,0x000B,0x000C,0x000D,0x000E,0x000F,
    0x0010,0x0011,0x0012,0x0013,0x0014,0x0015,0x0016,0x0017,0x0018,0x0019,0x001A,0x001B,0x001C,0x001D,0x001E,0x001F,
    0x0020,0x0021,0x0022,0x0023,0x0024,0x0025,0x0026,0x0027,0x0028,0x0029,0x002A,0x002B,0x002C,0x002D,0x002E,0x002F,
    0x0030,0x0031,0x0032,0x0033,0x0034,0x0035,0x0036,0x0037,0x0038,0x0039,0x003A,0x003B,0x003C,0x003D,0x003E,0x003F,
    0x0040,0x0041,0x0042,0x0043,0x0044,0x0045,0x0046,0x0047,0x0048,0x0049,0x004A,0x004B,0x004C,0x004D,0x004E,0x004F,
    0x0050,0x0051,0x0052,0x0053,0x0054,0x0055,0x0056,0x0057,0x0058,0x0059,0x005A,0x005B,0x005C,0x005D,0x005E,0x005F,
    0x0060,0x0061,0x0062,0x0063,0x0064,0x0065,0x0066,0x0067,0x0068,0x0069,0x006A,0x006B,0x006C,0x006D,0x006E,0x006F,
    0x0070,0x0071,0x0072,0x0073,0x0074,0x0075,0x0076,0x0077,0x0078,0x0079,0x007A,0x007B,0x007C,0x007D,0x007E,0x007F,
    0x20AC,0x067E,0x201A,0x0192,0x201E,0x2026,0x2020,0x2021,0x02C6,0x2030,0x008A,0x2039,0x0152,0x0686,0x0698,0x008F,
    0x06AF,0x2018,0x2019,0x201C,0x201D,0x2022,0x2013,0x2014,0x0098,0x2122,0x009A,0x203A,0x0153,0x200C,0x200D,0x009F,
    0x00A0,0x060C,0x00A2,0x00A3,0x00A4,0x00A5,0x00A6,0x00A7,0x00A8,0x00A9,0xFFFD,0x00AB,0x00AC,0x00AD,0x00AE,0x00AF,
    0x00B0,0x00B1,0x00B2,0x00B3,0x00B4,0x00B5,0x00B6,0x00B7,0x00B8,0x00B9,0x061B,0x00BB,0x00BC,0x00BD,0x00BE,0x061F,
    0xFFFD,0x0621,0x0622,0x0623,0x0624,0x0625,0x0626,0x0627,0x0628,0x0629,0x062A,0x062B,0x062C,0x062D,0x062E,0x062F,
    0x0630,0x0631,0x0632,0x0633,0x0634,0x0635,0x0636,0x00D7,0x0637,0x0638,0x0639,0x063A,0x0640,0x0641,0x0642,0x0643,
    0x00E0,0x0644,0x00E2,0x0645,0x0646,0x0647,0x0648,0x00E7,0x00E8,0x00E9,0x00EA,0x00EB,0x0649,0x064A,0x00EE,0x00EF,
    0x064B,0x064C,0x064D,0x064E,0x00F4,0x064F,0x0650,0x00F7,0x0651,0x00F9,0x0652,0x00FB,0x00FC,0x200E,0x200F,0xFFFD
  ]);

const t8482 = new Uint16Array([
    0x0000,0x0001,0x0002,0x0003,0x009C,0x0009,0x0086,0x007F,0x0097,0x008D,0x008E,0x000B,0x000C,0x000D,0x000E,0x000F,
    0x0010,0x0011,0x0012,0x0013,0x009D,0x0085,0x0008,0x0087,0x0018,0x0019,0x0092,0x008F,0x001C,0x001D,0x001E,0x001F,
    0x0080,0x0081,0x0082,0x0083,0x0084,0x000A,0x0017,0x001B,0x0088,0x0089,0x008A,0x008B,0x008C,0x0005,0x0006,0x0007,
    0x0090,0x0091,0x0016,0x0093,0x0094,0x0095,0x0096,0x0004,0x0098,0x0099,0x009A,0x009B,0x0014,0x0015,0x009E,0x001A,
    0x0020,0xFF61,0xFF62,0xFF63,0xFF64,0xFF65,0xFF66,0xFF67,0xFF68,0xFF69,0x00A3,0x002E,0x003C,0x0028,0x002B,0x007C,
    0x0026,0xFF6A,0xFF6B,0xFF6C,0xFF6D,0xFF6E,0xFF6F,0xFFFD,0xFF70,0xFFFD,0x0021,0x00A5,0x002A,0x0029,0x003B,0x00AC,
    0x002D,0x002F,0x0061,0x0062,0x0063,0x0064,0x0065,0x0066,0x0067,0x0068,0xFFFD,0x002C,0x0025,0x005F,0x003E,0x003F,
    0x005B,0x0069,0x006A,0x006B,0x006C,0x006D,0x006E,0x006F,0x0070,0x0060,0x003A,0x0023,0x0040,0x0027,0x003D,0x0022,
    0x005D,0xFF71,0xFF72,0xFF73,0xFF74,0xFF75,0xFF76,0xFF77,0xFF78,0xFF79,0xFF7A,0x0071,0xFF7B,0xFF7C,0xFF7D,0xFF7E,
    0xFF7F,0xFF80,0xFF81,0xFF82,0xFF83,0xFF84,0xFF85,0xFF86,0xFF87,0xFF88,0xFF89,0x0072,0xFFFD,0xFF8A,0xFF8B,0xFF8C,
    0x007E,0x203E,0xFF8D,0xFF8E,0xFF8F,0xFF90,0xFF91,0xFF92,0xFF93,0xFF94,0xFF95,0x0073,0xFF96,0xFF97,0xFF98,0xFF99,
    0x005E,0x00A2,0x005C,0x0074,0x0075,0x0076,0x0077,0x0078,0x0079,0x007A,0xFF9A,0xFF9B,0xFF9C,0xFF9D,0xFF9E,0xFF9F,
    0x007B,0x0041,0x0042,0x0043,0x0044,0x0045,0x0046,0x0047,0x0048,0x0049,0xFFFD,0xFFFD,0xFFFD,0xFFFD,0xFFFD,0xFFFD,
    0x007D,0x004A,0x004B,0x004C,0x004D,0x004E,0x004F,0x0050,0x0051,0x0052,0xFFFD,0xFFFD,0xFFFD,0xFFFD,0xFFFD,0xFFFD,
    0x0024,0x20AC,0x0053,0x0054,0x0055,0x0056,0x0057,0x0058,0x0059,0x005A,0xFFFD,0xFFFD,0xFFFD,0xFFFD,0xFFFD,0xFFFD,
    0x0030,0x0031,0x0032,0x0033,0x0034,0x0035,0x0036,0x0037,0x0038,0x0039,0xFFFD,0xFFFD,0xFFFD,0xFFFD,0xFFFD,0x009F
  ]);

const t9044 = new Uint16Array([
    0x0000,0x0001,0x0002,0x0003,0x0004,0x0005,0x0006,0x0007,0x0008,0x0009,0x000A,0x000B,0x000C,0x000D,0x000E,0x000F,
    0x0010,0x0011,0x0012,0x0013,0x0014,0x0015,0x0016,0x0017,0x0018,0x0019,0x001C,0x001B,0x007F,0x001D,0x001E,0x001F,
    0x0020,0x0021,0x0022,0x0023,0x0024,0x0025,0x0026,0x0027,0x0028,0x0029,0x002A,0x002B,0x002C,0x002D,0x002E,0x002F,
    0x0030,0x0031,0x0032,0x0033,0x0034,0x0035,0x0036,0x0037,0x0038,0x0039,0x003A,0x003B,0x003C,0x003D,0x003E,0x003F,
    0x0040,0x0041,0x0042,0x0043,0x0044,0x0045,0x0046,0x0047,0x0048,0x0049,0x004A,0x004B,0x004C,0x004D,0x004E,0x004F,
    0x0050,0x0051,0x0052,0x0053,0x0054,0x0055,0x0056,0x0057,0x0058,0x0059,0x005A,0x005B,0x005C,0x005D,0x005E,0x005F,
    0x0060,0x0061,0x0062,0x0063,0x0064,0x0065,0x0066,0x0067,0x0068,0x0069,0x006A,0x006B,0x006C,0x006D,0x006E,0x006F,
    0x0070,0x0071,0x0072,0x0073,0x0074,0x0075,0x0076,0x0077,0x0078,0x0079,0x007A,0x007B,0x007C,0x007D,0x007E,0x001A,
    0x00C7,0x00FC,0x00E9,0x00E2,0x00E4,0x016F,0x0107,0x00E7,0x0142,0x00EB,0x0150,0x0151,0x00EE,0x0179,0x00C4,0x0106,
    0x00C9,0x0139,0x013A,0x00F4,0x00F6,0x013D,0x013E,0x015A,0x015B,0x00D6,0x00DC,0x0164,0x0165,0x0141,0x00D7,0x010D,
    0x00E1,0x00ED,0x00F3,0x00FA,0x0104,0x0105,0x017D,0x017E,0x0118,0x0119,0x20AC,0x017A,0x010C,0x015F,0x00AB,0x00BB,
    0x2591,0x2592,0x2593,0x2502,0x2524,0x00C1,0x00C2,0x011A,0x015E,0x2563,0x2551,0x2557,0x255D,0x017B,0x017C,0x2510,
    0x2514,0x2534,0x252C,0x251C,0x2500,0x253C,0x0102,0x0103,0x255A,0x2554,0x2569,0x2566,0x2560,0x2550,0x256C,0x00A4,
    0x0111,0x0110,0x010E,0x00CB,0x010F,0x0147,0x00CD,0x00CE,0x011B,0x2518,0x250C,0x2588,0x2584,0x0162,0x016E,0x2580,
    0x00D3,0x00DF,0x00D4,0x0143,0x0144,0x0148,0x0160,0x0161,0x0154,0x00DA,0x0155,0x0170,0x00FD,0x00DD,0x0163,0x00B4,
    0x00AD,0x02DD,0x02DB,0x02C7,0x02D8,0x00A7,0x00F7,0x00B8,0x00B0,0x00A8,0x02D9,0x0171,0x0158,0x0159,0x25A0,0x00A0
  ]);

const t9061 = new Uint16Array([
    0x0000,0x0001,0x0002,0x0003,0x0004,0x0005,0x0006,0x0007,0x0008,0x0009,0x000A,0x000B,0x000C,0x000D,0x000E,0x000F,
    0x0010,0x0011,0x0012,0x0013,0x0014,0x0015,0x0016,0x0017,0x0018,0x0019,0x001C,0x001B,0x007F,0x001D,0x001E,0x001F,
    0x0020,0x0021,0x0022,0x0023,0x0024,0x0025,0x0026,0x0027,0x0028,0x0029,0x002A,0x002B,0x002C,0x002D,0x002E,0x002F,
    0x0030,0x0031,0x0032,0x0033,0x0034,0x0035,0x0036,0x0037,0x0038,0x0039,0x003A,0x003B,0x003C,0x003D,0x003E,0x003F,
    0x0040,0x0041,0x0042,0x0043,0x0044,0x0045,0x0046,0x0047,0x0048,0x0049,0x004A,0x004B,0x004C,0x004D,0x004E,0x004F,
    0x0050,0x0051,0x0052,0x0053,0x0054,0x0055,0x0056,0x0057,0x0058,0x0059,0x005A,0x005B,0x005C,0x005D,0x005E,0x005F,
    0x0060,0x0061,0x0062,0x0063,0x0064,0x0065,0x0066,0x0067,0x0068,0x0069,0x006A,0x006B,0x006C,0x006D,0x006E,0x006F,
    0x0070,0x0071,0x0072,0x0073,0x0074,0x0075,0x0076,0x0077,0x0078,0x0079,0x007A,0x007B,0x007C,0x007D,0x007E,0x001A,
    0xFFFD,0xFFFD,0xFFFD,0xFFFD,0xFFFD,0xFFFD,0x0386,0x20AC,0x0387,0x00AC,0x00A6,0x2018,0x2019,0x0388,0x2015,0x0389,
    0x038A,0x03AA,0x038C,0xFFFD,0xFFFD,0x038E,0x03AB,0x00A9,0x038F,0x00B2,0x00B3,0x03AC,0x00A3,0x03AD,0x03AE,0x03AF,
    0x03CA,0x0390,0x03CC,0x03CD,0x0391,0x0392,0x0393,0x0394,0x0395,0x0396,0x0397,0x00BD,0x0398,0x0399,0x00AB,0x00BB,
    0x2591,0x2592,0x2593,0x2502,0x2524,0x039A,0x039B,0x039C,0x039D,0x2563,0x2551,0x2557,0x255D,0x039E,0x039F,0x2510,
    0x2514,0x2534,0x252C,0x251C,0x2500,0x253C,0x03A0,0x03A1,0x255A,0x2554,0x2569,0x2566,0x2560,0x2550,0x256C,0x03A3,
    0x03A4,0x03A5,0x03A6,0x03A7,0x03A8,0x03A9,0x03B1,0x03B2,0x03B3,0x2518,0x250C,0x2588,0x2584,0x03B4,0x03B5,0x2580,
    0x03B6,0x03B7,0x03B8,0x03B9,0x03BA,0x03BB,0x03BC,0x03BD,0x03BE,0x03BF,0x03C0,0x03C1,0x03C3,0x03C2,0x03C4,0x00B4,
    0x00AD,0x00B1,0x03C5,0x03C6,0x03C7,0x00A7,0x03C8,0x0385,0x00B0,0x00A8,0x03C9,0x03CB,0x03B0,0x03CE,0x25A0,0x00A0
  ]);

const t9238 = new Uint16Array([
    0x0000,0x0001,0x0002,0x0003,0x0004,0x0005,0x0006,0x0007,0x0008,0x0009,0x000A,0x000B,0x000C,0x000D,0x000E,0x000F,
    0x0010,0x0011,0x0012,0x0013,0x0014,0x0015,0x0016,0x0017,0x0018,0x0019,0x001A,0x001B,0x001C,0x001D,0x001E,0x001F,
    0x0020,0x0021,0x0022,0x0023,0x0024,0x0025,0x0026,0x0027,0x0028,0x0029,0x002A,0x002B,0x002C,0x002D,0x002E,0x002F,
    0x0030,0x0031,0x0032,0x0033,0x0034,0x0035,0x0036,0x0037,0x0038,0x0039,0x003A,0x003B,0x003C,0x003D,0x003E,0x003F,
    0x0040,0x0041,0x0042,0x0043,0x0044,0x0045,0x0046,0x0047,0x0048,0x0049,0x004A,0x004B,0x004C,0x004D,0x004E,0x004F,
    0x0050,0x0051,0x0052,0x0053,0x0054,0x0055,0x0056,0x0057,0x0058,0x0059,0x005A,0x005B,0x005C,0x005D,0x005E,0x005F,
    0x0060,0x0061,0x0062,0x0063,0x0064,0x0065,0x0066,0x0067,0x0068,0x0069,0x006A,0x006B,0x006C,0x006D,0x006E,0x006F,
    0x0070,0x0071,0x0072,0x0073,0x0074,0x0075,0x0076,0x0077,0x0078,0x0079,0x007A,0x007B,0x007C,0x007D,0x007E,0x007F,
    0xFE88,0x00D7,0x00F7,0xFEB1,0xFEB5,0xFEB9,0xFEBD,0xFE71,0x0088,0x25A0,0x2502,0x2500,0x2510,0x250C,0x2514,0x2518,
    0xFE79,0xFE7B,0xFE7D,0xFE7F,0xFE77,0xFE8A,0xFEF0,0xFEF3,0xFEF2,0xFECE,0xFECF,0xFED0,0xFEF6,0xFEF8,0xFEFA,0xFEFC,
    0x00A0,0xFE82,0xFE84,0xFE88,0x00A4,0xFE8E,0xFE8B,0xFE91,0xFE97,0xFE9B,0xFE9F,0xFEA3,0x060C,0x00AD,0xFEA7,0xFEB3,
    0x0660,0x0661,0x0662,0x0663,0x0664,0x0665,0x0666,0x0667,0x0668,0x0669,0xFEB7,0x061B,0xFEBB,0xFEBF,0xFECA,0x061F,
    0xFECB,0x0621,0x0622,0x0623,0x0624,0x0625,0x0626,0x0627,0x0628,0x0629,0x062A,0x062B,0x062C,0x062D,0x062E,0x062F,
    0x0630,0x0631,0x0632,0x0633,0x0634,0x0635,0x0636,0x0637,0x0638,0x0639,0x063A,0xFECC,0xFE82,0xFE84,0xFE8E,0xFED3,
    0x0640,0x0641,0x0642,0x0643,0x0644,0x0645,0x0646,0x0647,0x0648,0x0649,0x064A,0x064B,0x064C,0x064D,0x064E,0x064F,
    0x0650,0x0651,0x0652,0xFED7,0xFEDB,0xFEDF,0x200B,0xFEF5,0xFEF7,0xFEF9,0xFEFB,0xFEE3,0xFEE7,0xFEEC,0xFEE9,0x20AC
  ]);

const t12712 = new Uint16Array([
    0x0000,0x0001,0x0002,0x0003,0x009C,0x0009,0x0086,0x007F,0x0097,0x008D,0x008E,0x000B,0x000C,0x000D,0x000E,0x000F,
    0x0010,0x0011,0x0012,0x0013,0x009D,0x0085,0x0008,0x0087,0x0018,0x0019,0x0092,0x008F,0x001C,0x001D,0x001E,0x001F,
    0x0080,0x0081,0x0082,0x0083,0x0084,0x000A,0x0017,0x001B,0x0088,0x0089,0x008A,0x008B,0x008C,0x0005,0x0006,0x0007,
    0x0090,0x0091,0x0016,0x0093,0x0094,0x0095,0x0096,0x0004,0x0098,0x0099,0x009A,0x009B,0x0014,0x0015,0x009E,0x001A,
    0x0020,0x05D0,0x05D1,0x05D2,0x05D3,0x05D4,0x05D5,0x05D6,0x05D7,0x05D8,0x00A2,0x002E,0x003C,0x0028,0x002B,0x007C,
    0x0026,0x05D9,0x05DA,0x05DB,0x05DC,0x05DD,0x05DE,0x05DF,0x05E0,0x05E1,0x0021,0x0024,0x002A,0x0029,0x003B,0x00AC,
    0x002D,0x002F,0x05E2,0x05E3,0x05E4,0x05E5,0x05E6,0x05E7,0x05E8,0x05E9,0x00A6,0x002C,0x0025,0x005F,0x003E,0x003F,
    0xFFFD,0x05EA,0xFFFD,0xFFFD,0x00A0,0xFFFD,0xFFFD,0xFFFD,0x2017,0x0060,0x003A,0x0023,0x0040,0x0027,0x003D,0x0022,
    0xFFFD,0x0061,0x0062,0x0063,0x0064,0x0065,0x0066,0x0067,0x0068,0x0069,0x00AB,0x00BB,0xFFFD,0xFFFD,0xFFFD,0x00B1,
    0x00B0,0x006A,0x006B,0x006C,0x006D,0x006E,0x006F,0x0070,0x0071,0x0072,0xFFFD,0xFFFD,0x20AC,0x00B8,0x20AA,0x00A4,
    0x00B5,0x007E,0x0073,0x0074,0x0075,0x0076,0x0077,0x0078,0x0079,0x007A,0xFFFD,0xFFFD,0xFFFD,0xFFFD,0xFFFD,0x00AE,
    0x005E,0x00A3,0x00A5,0x2022,0x00A9,0x00A7,0x00B6,0x00BC,0x00BD,0x00BE,0x005B,0x005D,0x203E,0x00A8,0x00B4,0x00D7,
    0x007B,0x0041,0x0042,0x0043,0x0044,0x0045,0x0046,0x0047,0x0048,0x0049,0x00AD,0xFFFD,0xFFFD,0xFFFD,0xFFFD,0xFFFD,
    0x007D,0x004A,0x004B,0x004C,0x004D,0x004E,0x004F,0x0050,0x0051,0x0052,0x00B9,0x202D,0x202E,0x202C,0xFFFD,0xFFFD,
    0x005C,0x00F7,0x0053,0x0054,0x0055,0x0056,0x0057,0x0058,0x0059,0x005A,0x00B2,0xFFFD,0xFFFD,0xFFFD,0xFFFD,0xFFFD,
    0x0030,0x0031,0x0032,0x0033,0x0034,0x0035,0x0036,0x0037,0x0038,0x0039,0x00B3,0x202A,0x202B,0x200E,0x200F,0x009F
  ]);

const t28709 = new Uint16Array([
    0x0000,0x0001,0x0002,0x0003,0x009C,0x0009,0x0086,0x007F,0x0097,0x008D,0x008E,0x000B,0x000C,0x000D,0x000E,0x000F,
    0x0010,0x0011,0x0012,0x0013,0x009D,0x0085,0x0008,0x0087,0x0018,0x0019,0x0092,0x008F,0x001C,0x001D,0x001E,0x001F,
    0x0080,0x0081,0x0082,0x0083,0x0084,0x000A,0x0017,0x001B,0x0088,0x0089,0x008A,0x008B,0x008C,0x0005,0x0006,0x0007,
    0x0090,0x0091,0x0016,0x0093,0x0094,0x0095,0x0096,0x0004,0x0098,0x0099,0x009A,0x009B,0x0014,0x0015,0x009E,0x001A,
    0x0020,0xFFFD,0xFFFD,0xFFFD,0xFFFD,0xFFFD,0xFFFD,0xFFFD,0xFFFD,0xFFFD,0x00A2,0x002E,0x003C,0x0028,0x002B,0x007C,
    0x0026,0xFFFD,0xFFFD,0xFFFD,0xFFFD,0xFFFD,0xFFFD,0xFFFD,0xFFFD,0xFFFD,0x0021,0x0024,0x002A,0x0029,0x003B,0x00AC,
    0x002D,0x002F,0xFFFD,0xFFFD,0xFFFD,0xFFFD,0xFFFD,0xFFFD,0xFFFD,0xFFFD,0x00A6,0x002C,0x0025,0x005F,0x003E,0x003F,
    0xFFFD,0xFFFD,0xFFFD,0xFFFD,0xFFFD,0xFFFD,0xFFFD,0xFFFD,0xFFFD,0x0060,0x003A,0x0023,0x0040,0x0027,0x003D,0x0022,
    0xFFFD,0x0061,0x0062,0x0063,0x0064,0x0065,0x0066,0x0067,0x0068,0x0069,0xFFFD,0xFFFD,0xFFFD,0xFFFD,0xFFFD,0xFFFD,
    0xFFFD,0x006A,0x006B,0x006C,0x006D,0x006E,0x006F,0x0070,0x0071,0x0072,0xFFFD,0xFFFD,0xFFFD,0xFFFD,0xFFFD,0xFFFD,
    0xFFFD,0x007E,0x0073,0x0074,0x0075,0x0076,0x0077,0x0078,0x0079,0x007A,0xFFFD,0xFFFD,0xFFFD,0xFFFD,0xFFFD,0xFFFD,
    0x005E,0xFFFD,0xFFFD,0xFFFD,0xFFFD,0xFFFD,0xFFFD,0xFFFD,0xFFFD,0xFFFD,0x005B,0x005D,0xFFFD,0xFFFD,0xFFFD,0xFFFD,
    0x007B,0x0041,0x0042,0x0043,0x0044,0x0045,0x0046,0x0047,0x0048,0x0049,0xFFFD,0xFFFD,0xFFFD,0xFFFD,0xFFFD,0xFFFD,
    0x007D,0x004A,0x004B,0x004C,0x004D,0x004E,0x004F,0x0050,0x0051,0x0052,0xFFFD,0xFFFD,0xFFFD,0xFFFD,0xFFFD,0xFFFD,
    0x005C,0xFFFD,0x0053,0x0054,0x0055,0x0056,0x0057,0x0058,0x0059,0x005A,0xFFFD,0xFFFD,0xFFFD,0xFFFD,0xFFFD,0xFFFD,
    0x0030,0x0031,0x0032,0x0033,0x0034,0x0035,0x0036,0x0037,0x0038,0x0039,0xFFFD,0xFFFD,0xFFFD,0xFFFD,0xFFFD,0x009F
  ]);

/**
 * Map from CCSID number to a 256-entry decoding table.
 * Index = raw byte value (0–255), value = Unicode code point.
 */
export const ccsidTables: Readonly<Record<number, Uint16Array>> = {
  37: t37,
  273: t273,
  274: t274,
  275: t275,
  277: t277,
  278: t278,
  280: t280,
  282: t282,
  284: t284,
  285: t285,
  290: t290,
  297: t297,
  420: t420,
  424: t424,
  425: t425,
  437: t437,
  500: t500,
  808: t808,
  813: t813,
  819: t819,
  833: t833,
  838: t838,
  848: t848,
  850: t850,
  852: t852,
  855: t855,
  856: t856,
  858: t858,
  859: t859,
  861: t861,
  862: t862,
  864: t864,
  866: t866,
  867: t867,
  869: t869,
  870: t870,
  871: t871,
  872: t872,
  874: t874,
  875: t875,
  880: t880,
  901: t901,
  902: t902,
  904: t904,
  912: t912,
  914: t914,
  915: t915,
  916: t916,
  920: t920,
  921: t921,
  922: t922,
  923: t923,
  924: t924,
  1025: t1025,
  1026: t1026,
  1027: t1027,
  1046: t1046,
  1047: t1047,
  1088: t1088,
  1089: t1089,
  1112: t1112,
  1115: t1115,
  1122: t1122,
  1123: t1123,
  1124: t1124,
  1125: t1125,
  1126: t1126,
  1140: t1140,
  1141: t1141,
  1142: t1142,
  1143: t1143,
  1144: t1144,
  1145: t1145,
  1146: t1146,
  1147: t1147,
  1148: t1148,
  1149: t1149,
  1153: t1153,
  1154: t1154,
  1155: t1155,
  1156: t1156,
  1157: t1157,
  1158: t1158,
  1159: t1159,
  1160: t1160,
  1161: t1161,
  1165: t1165,
  1250: t1250,
  1251: t1251,
  1252: t1252,
  1253: t1253,
  1254: t1254,
  1255: t1255,
  1256: t1256,
  4909: t4909,
  4971: t4971,
  5123: t5123,
  5346: t5346,
  5347: t5347,
  5348: t5348,
  5349: t5349,
  5350: t5350,
  5351: t5351,
  5352: t5352,
  8482: t8482,
  9044: t9044,
  9061: t9061,
  9238: t9238,
  12712: t12712,
  28709: t28709,
};